{"organisation":"UC_NATSEM","name":"natsem_social_indicators_estimates_sa2_2016","title":"NATSEM - Social and Economic Indicators - Synthetic Estimates SA2 2016","legal":{"attribution":"{datasource.organisationTitle}, ({dataset.attributionYear}): {dataset.title}; accessed from AURIN on {dateOfAccess}.","attributionYear":"2018","clickthrough":false,"copyrightNotice":"&copy; {datasource.organisationTitle} {dataset.copyrightYear}","copyrightYear":"2018","licenceType":"Creative Commons Attribution-NonCommercial 4.0 International (CC BY-NC 4.0)"},"referenceSystemIdentifier":"urn:x-ogc:def:crs:EPSG:4283","geoLevel":"sa2_2016","key":"sa2_code16","keyRegex":null,"availability":"true","geomField":"wkb_geometry","keyword":"Australia,sa2,economic,social,model,socio economic,synthetic,indicators","theme":null,"temporalExtent":{"beginDate":"2016-01-01T00:00:00","endDate":"2016-12-31T00:00:00","selectTime":false},"type":"dataset","_id":"dataset-UC_NATSEM-natsem_social_indicators_estimates_sa2_2016-sa2_2016","bbox":null,"abstract":"This dataset presents the synthetically modeled indicators of the population in small regions of Australia based on the 2016 Census and aggregated following the 2016 edition of the Australian Statistical Geography Standard (ASGS). The synthetic indicators produced by the spatial micro-simulation model (SpatialMSM) are: median income, equivalised disposable median income, Gini coefficient and housing stress. The data has been provided by The National Centre for Social and Economic Modelling (NATSEM).<br/><br/>\n\nNATSEM's spatial micro-simulation model uses a technique that takes a survey and re-weights it to small area Census data. SpatialMSM18F is the application of the NATSEM Spatial Micro-simulation model using the ABS Survey of Income and Housing 2015/2016 and the 2016 Census of Population and Housing at the SA2 level (Tanton et al. 2011). All the indicators from the SpatialMSM model are synthetic, so there is some model error as well as other error from the survey. Therefore, they are not as accurate as the Census data used.<br/><br/>\n\nFor more information please view the <a href=\"https://apps.aurin.org.au/gate/technicalreports/NATSEM/AURIN%20Social%20Data%20Technical%20Report%20Nov%202018.pdf\" target=\"_blank\">NATSEM Technical Report</a>.<br/><br/>\n\nPlease note: \n<ul>\n<li>AURIN has spatially enabled the original data provided directly from NATSEM.</li>\n<li>Where data values are NULL, the data is either unpublished or not applicable mathematically.</li>\n<li>The treatment of Not Stated and Overseas Visitor data is to exclude them from both the numerator and the denominator.</li>\n<li>Methodology between the 2016 NATSEM and 2011 OECD data release may have changed, please refer to the technical report for parity status and specific changes.</li>\n</ul>\n","selectedAttributes":[{"name":"sa2_code16","type":"String","title":"SA2 Code","description":"SA2 Code.","isDimension":false},{"name":"sa2_name16","type":"String","title":"SA2 Name","description":"SA2 Name.","isDimension":false},{"name":"inc_median_syn","type":"Double","title":"Median Household Income (synthetic)","description":"Median Household Income (synthetic).","isDimension":false},{"name":"pov_rt_exc_hc_syn","type":"Double","title":"Poverty Rate (proportion of people with equivalised disposable household income after housing costs is below half median equivalised disposable household income after housing costs)","description":"Poverty Rate (proportion of people with equivalised disposable household income after housing costs is below half median equivalised disposable household income after housing costs).","isDimension":false},{"name":"pov_rt_syn","type":"Double","title":"Poverty Rate (proportion of people with equivalised disposable household income below half median equivalised disposable household income)","description":"Poverty Rate (proportion of people with equivalised disposable household income below half median equivalised disposable household income).","isDimension":false},{"name":"equivinc_median_syn","type":"Double","title":"Equivalised Median Household Income (synthetic)","description":"Equivalised Median Household Income (synthetic).","isDimension":false},{"name":"gini_syn","type":"Double","title":"Gini Coefficient","description":"Gini Coefficient.","isDimension":false},{"name":"housestrs_syn","type":"Double","title":"Housing Stress (30/40 rule)","description":"Housing Stress (30/40 rule).","isDimension":false}],"filter":{"filterType":"tabular","feature":{"key":"sa2_code16","geoLevel":"sa2_2016","geoField":"ignored","year":"2006","featureBbox":[140.961681984,-39.159189527500004,149.976679008,-33.9806475865],"featureType":"ste","featureInstance":"2","featureName":"Victoria","referenceSystemIdentifier":"urn:x-ogc:def:crs:EPSG:4283","prefix":"","keyTransform":null},"states":["2"]}}