{"organisation":"UC_NATSEM","name":"natsem_indigenous_indicators_sa2_2016","title":"NATSEM - Social and Economic Indicators - Indigenous Indicators SA2 2016","legal":{"copyrightYear":"2018","attributionYear":"2018","attribution":"{datasource.organisationTitle}, ({dataset.attributionYear}): {dataset.title}; accessed from AURIN on {dateOfAccess}.","clickthrough":false,"licenceType":"Creative Commons Attribution 4.0 International (CC BY 4.0)","copyrightNotice":"&copy; {datasource.organisationTitle} {dataset.copyrightYear}"},"referenceSystemIdentifier":"urn:x-ogc:def:crs:EPSG:4283","geoLevel":"sa2_2016","key":"sa2_code16","keyRegex":null,"availability":"true","geomField":"wkb_geometry","keyword":"socio economic,indicators,sa2,Australia,indigenous,economic,model,social","theme":null,"temporalExtent":{"beginDate":"2016-01-01T00:00:00","endDate":"2016-12-31T00:00:00","selectTime":false},"type":"dataset","_id":"dataset-UC_NATSEM-natsem_indigenous_indicators_sa2_2016-sa2_2016","bbox":null,"abstract":"This dataset presents the social and economic indicators for the indigenous population of Australia based on the 2016 Census and aggregated following the 2016 edition of the Australian Statistical Geography Standard (ASGS). The data has been provided by The National Centre for Social and Economic Modelling (NATSEM) and includes the following indicators: age, sex, employment, education level, occupation, school attendance, language, household relationships, family types, household tenure type, household income, motor vehicles and household family composition.<br/><br/>\n\nAll indicators were extracted from the ABS Tablebuilder system using the usual residence profile. For usual residence data, the ABS moves people back to where they live, rather than using the location the data were collected (place of enumeration). Usual residence data is preferred for individual level data because it removes the effect of respondents travelling or holidaying. All rates were calculated as a proportion of all Indigenous people in the area, excluding any Not Stated or Overseas Visitors. Therefore, summing the rates across all categories for an indicator will give a total of 100%.<br/><br/>\n\nFor more information please view the <a href=\"https://apps.aurin.org.au/gate/technicalreports/NATSEM/AURIN%20Indigenous%20Data%20Technical%20Report%20Nov%202018.pdf\" target=\"_blank\">NATSEM Technical Report</a>.<br/><br/>\n\nPlease note: \n<ul>\n<li>AURIN has spatially enabled the original data provided directly from NATSEM.</li>\n<li>Where data values are NULL, the data is either unpublished or not applicable mathematically.</li>\n<li>Methodology between the 2016 NATSEM and 2011 OECD data release may have changed, please refer to the technical report for parity status and specific changes.</li>\n</ul>\n","selectedAttributes":[{"name":"sa2_code16","type":"String","title":"SA2 Code","description":"SA2 Code.","isDimension":false},{"name":"sa2_name16","type":"String","title":"SA2 Name","description":"SA2 Name.","isDimension":false},{"name":"num_indig_15plus_no_in_labour_frc","type":"Integer","title":"Number of Persons Aged 15+ Years - Not in Labour Force","description":"Number of Persons Aged 15+ Years - Not in Labour Force.","stype":"ratio","isDimension":false},{"name":"num_indig_15plus_unemployed","type":"Integer","title":"Number of Persons Aged 15+ Years - Not Employed","description":"Number of Persons Aged 15+ Years - Not Employed.","isDimension":false},{"name":"num_indig_15plus_wrking","type":"Integer","title":"Number of Persons Aged 15+ Years - Working","description":"Number of Persons Aged 15+ Years - Working.","isDimension":false},{"name":"num_indig_age_15plus_occupation_labourer_macop","type":"Integer","title":"Number of Persons Aged 15+ Years - Employed as Labourer, Machine Operator and Drivers","description":"Number of Persons Aged 15+ Years - Employed as Labourer, Machine Operator and Drivers.","isDimension":false},{"name":"num_indig_age_15plus_occupation_manager_and_professional","type":"Integer","title":"Number of Persons Aged 15+ Years - Employed as Managers or Professionals","description":"Number of Persons Aged 15+ Years - Employed as Managers or Professionals.","isDimension":false},{"name":"num_indig_age_15plus_occupation_no_labourer_macop","type":"Integer","title":"Number of Persons Aged 15+ Years - Not Employed as Labourer, Machine Operator and Drivers","description":"Number of Persons Aged 15+ Years - Not Employed as Labourer, Machine Operator and Drivers.","isDimension":false},{"name":"num_indig_age_15plus_occupation_no_manager_and_professional","type":"Integer","title":"Number of Persons Aged 15+ Years - Not Employed as Managers or Professionals","description":"Number of Persons Aged 15+ Years - Not Employed as Managers or Professionals.","isDimension":false},{"name":"num_indig_m","type":"Integer","title":"Number of Males","description":"Number of Males.","isDimension":false},{"name":"perc_indig_15plus_no_in_labour_frc","type":"Double","title":"Percentage of Persons Aged 15+ Years - Not in Labour Force","description":"Percentage of Persons Aged 15+ Years - Not in Labour Force.","stype":"ratio","isDimension":false},{"name":"perc_indig_15plus_unemployed","type":"Double","title":"Percentage of Persons Aged 15+ Years - Not Employed","description":"Percentage of Persons Aged 15+ Years - Not Employed.","isDimension":false},{"name":"perc_indig_15plus_wrking","type":"Double","title":"Percentage of Persons Aged 15+ Years - Working","description":"Percentage of Persons Aged 15+ Years - Working.","isDimension":false},{"name":"perc_indig_age_15plus_occupation_labourer_macop","type":"Double","title":"Percentage of Persons Aged 15+ Years - Employed as Labourer, Machine Operator and Drivers","description":"Percentage of Persons Aged 15+ Years - Employed as Labourer, Machine Operator and Drivers.","isDimension":false},{"name":"perc_indig_age_15plus_occupation_manager_and_professional","type":"Double","title":"Percentage of Persons Aged 15+ Years - Employed as Managers or Professionals","description":"Percentage of Persons Aged 15+ Years - Employed as Managers or Professionals.","isDimension":false},{"name":"perc_indig_f","type":"Double","title":"Percentage of Females","description":"Percentage of Females.","isDimension":false},{"name":"perc_indig_m","type":"Double","title":"Percentage of Males","description":"Percentage of Males.","isDimension":false},{"name":"num_indig_f","type":"Integer","title":"Number of Females","description":"Number of Females.","isDimension":false},{"name":"num_indig_age_15plus_edu_degree_diploma_certificate","type":"Integer","title":"Number of Persons Aged 15+ Years - With Degree, Diploma or Certificate","description":"Number of Persons Aged 15+ Years - With Degree, Diploma or Certificate.","isDimension":false},{"name":"num_indig_age_15plus_edu_finish_yr11_or_belo","type":"Integer","title":"Number of Persons Aged 15+ Years - Finished Year 11 or Below","description":"Number of Persons Aged 15+ Years - Finished Year 11 or Below.","isDimension":false},{"name":"num_indig_age_15plus_edu_finish_yr12","type":"Integer","title":"Number of Persons Aged 15+ Years - Finish Year 12","description":"Number of Persons Aged 15+ Years - Finish Year 12.","isDimension":false},{"name":"num_indig_age_15plus_edu_none","type":"Integer","title":"Number of Persons Aged 15+ Years - No Education","description":"Number of Persons Aged 15+ Years - No Education.","isDimension":false},{"name":"num_indig_age_0_14","type":"Integer","title":"Number of Persons Aged 0 - 14 Years","description":"Number of Persons Aged 0 - 14 Years.","isDimension":false},{"name":"num_indig_age_0_14_full_time_student","type":"Integer","title":"Number of Persons Aged 0 - 14 Years - Full Time Students","description":"Number of Persons Aged 0 - 14 Years - Full Time Students.","isDimension":false},{"name":"num_indig_age_0_14_no_attending_scl","type":"Integer","title":"Number of Persons Aged 0 - 14 Years - Not Attending School","description":"Number of Persons Aged 0 - 14 Years - Not Attending School.","isDimension":false},{"name":"num_indig_age_0_14_part_time_student","type":"Integer","title":"Number of Persons Aged 0 - 14 Years - Part Time Students","description":"Number of Persons Aged 0 - 14 Years - Part Time Students.","isDimension":false},{"name":"num_indig_age_15_34","type":"Integer","title":"Number of Persons Aged 15 - 34 Years","description":"Number of Persons Aged 15 - 34 Years.","isDimension":false},{"name":"num_indig_age_35_64","type":"Integer","title":"Number of Persons Aged 35 - 64 Years","description":"Number of Persons Aged 35 - 64 Years.","isDimension":false},{"name":"num_indig_age_65_over","type":"Integer","title":"Number of Persons Aged 65+ Years","description":"Number of Persons Aged 65+ Years.","isDimension":false},{"name":"num_indig_hsld_equiv_inc_1000_1500","type":"Integer","title":"Number of Persons - Household Equivalised Income of $1,000 - $1,500","description":"Number of Persons - Household Equivalised Income of $1,000 - $1,500.","isDimension":false},{"name":"num_indig_hsld_equiv_inc_300_1000","type":"Integer","title":"Number of Persons - Household Equivalised Income of $300 - $1,000","description":"Number of Persons - Household Equivalised Income of $300 - $1,000.","isDimension":false},{"name":"num_indig_hsld_equiv_inc_above_1500","type":"Integer","title":"Number of Persons - Household Equivalised Income of $1,500+","description":"Number of Persons - Household Equivalised Income of $1,500+.","isDimension":false},{"name":"num_indig_hsld_equiv_inc_less_than_300","type":"Integer","title":"Number of Persons - Household Equivalised Income of below $300","description":"Number of Persons - Household Equivalised Income of below $300.","isDimension":false},{"name":"num_indig_use_indig_languages","type":"Integer","title":"Number of Persons - Who use Indigenous Language","description":"Number of Persons - Who use Indigenous Language.","isDimension":false},{"name":"num_indig_use_oth_languages","type":"Integer","title":"Number of Persons - Who use other Language","description":"Number of Persons - Who use other Language.","isDimension":false},{"name":"perc_indig_age_0_14","type":"Double","title":"Percentage of Persons Aged 0 - 14 Years","description":"Percentage of Persons Aged 0 - 14 Years.","isDimension":false},{"name":"perc_indig_age_0_14_full_time_student","type":"Double","title":"Percentage of Persons Aged 0 - 14 Years - Full Time Students","description":"Percentage of Persons Aged 0 - 14 Years - Full Time Students.","isDimension":false},{"name":"perc_indig_age_0_14_no_attending_scl","type":"Double","title":"Percentage of Persons Aged 0 - 14 Years - Not Attending School","description":"Percentage of Persons Aged 0 - 14 Years - Not Attending School.","isDimension":false},{"name":"perc_indig_age_0_14_part_time_student","type":"Double","title":"Percentage of Persons Aged 0 - 14 Years - Part Time Students","description":"Percentage of Persons Aged 0 - 14 Years - Part Time Students.","isDimension":false},{"name":"perc_indig_age_15_34","type":"Double","title":"Percentage of Persons Aged 15 - 34 Years","description":"Percentage of Persons Aged 15 - 34 Years.","isDimension":false},{"name":"perc_indig_age_15plus_edu_degree_diploma_certificate","type":"Double","title":"Percentage of Persons Aged 15+ Years - With Degree, Diploma or Certificate","description":"Percentage of Persons Aged 15+ Years - With Degree, Diploma or Certificate.","isDimension":false},{"name":"perc_indig_age_15plus_edu_finish_yr11_or_belo","type":"Double","title":"Percentage of Persons Aged 15+ Years - Finished Year 11 or Below","description":"Percentage of Persons Aged 15+ Years - Finished Year 11 or Below.","isDimension":false},{"name":"perc_indig_age_15plus_edu_finish_yr12","type":"Double","title":"Percentage of Persons Aged 15+ Years - Finish Year 12","description":"Percentage of Persons Aged 15+ Years - Finish Year 12.","stype":"ratio","isDimension":false},{"name":"perc_indig_age_15plus_edu_none","type":"Double","title":"Percentage of Persons Aged 15+ Years - No Education","description":"Percentage of Persons Aged 15+ Years - No Education.","isDimension":false},{"name":"perc_indig_age_15plus_occupation_no_labourer_macop","type":"Double","title":"Percentage of Persons Aged 15+ Years - Not Employed as Labourer, Machine Operator and Drivers","description":"Percentage of Persons Aged 15+ Years - Not Employed as Labourer, Machine Operator and Drivers.","isDimension":false},{"name":"perc_indig_age_15plus_occupation_no_manager_and_professional","type":"Double","title":"Percentage of Persons Aged 15+ Years - Not Employed as Managers or Professionals","description":"Percentage of Persons Aged 15+ Years - Not Employed as Managers or Professionals.","isDimension":false},{"name":"perc_indig_age_35_64","type":"Double","title":"Percentage of Persons Aged 35 - 64 Years","description":"Percentage of Persons Aged 35 - 64 Years.","isDimension":false},{"name":"perc_indig_age_65_over","type":"Double","title":"Percentage of Persons Aged 65+ Years","description":"Percentage of Persons Aged 65+ Years.","isDimension":false},{"name":"perc_indig_hsld_equiv_inc_1000_1500","type":"Double","title":"Percentage of Persons - Household Equivalised Income of $1,000 - $1,500","description":"Percentage of Persons - Household Equivalised Income of $1,000 - $1,500.","isDimension":false},{"name":"perc_indig_hsld_equiv_inc_300_1000","type":"Double","title":"Percentage of Persons - Household Equivalised Income of $300 - $1,000","description":"Percentage of Persons - Household Equivalised Income of $300 - $1,000.","isDimension":false},{"name":"perc_indig_hsld_equiv_inc_above_1500","type":"Double","title":"Percentage of Persons - Household Equivalised Income of $1,500+","description":"Percentage of Persons - Household Equivalised Income of $1,500+.","isDimension":false},{"name":"perc_indig_hsld_equiv_inc_less_than_300","type":"Double","title":"Percentage of Persons - Household Equivalised Income of below $300","description":"Percentage of Persons - Household Equivalised Income of below $300.","isDimension":false},{"name":"perc_indig_use_indig_languages","type":"Double","title":"Percentage of Persons - Who use Indigenous Language","description":"Percentage of Persons - Who use Indigenous Language.","isDimension":false},{"name":"perc_indig_use_oth_languages","type":"Double","title":"Percentage of Persons - Who use other Language","description":"Percentage of Persons - Who use other Language.","isDimension":false}],"filter":{"filterType":"tabular","feature":{"key":"sa2_code16","geoLevel":"sa2_2016","geoField":"ignored","year":"2006","featureBbox":[140.961681984,-39.159189527500004,149.976679008,-33.9806475865],"featureType":"ste","featureInstance":"2","featureName":"Victoria","referenceSystemIdentifier":"urn:x-ogc:def:crs:EPSG:4283","prefix":"","keyTransform":null},"states":["2"]}}