sa2_name16, total_65_74_yr, total_75_84_yr, total_45_54_yr, total_25_34_yr, total_0_14_yr, sa2_main16, total_15_24_yr, total_35_44_yr, total_total, total_85ov, total_55_64_yr
"Prahran - Windsor",1153,830,2008,6640,1642,"206061136",2183,3097,19474,367,1558
"Collingwood",327,185,904,2953,980,"206071141",987,1457,8493,67,637
"Hadfield",471,507,692,832,1020,"210031440",664,733,5589,161,507
"Fitzroy",738,438,1373,3231,1233,"206071142",1195,1804,11267,192,1052
"Sunbury",898,396,1935,1368,2577,"210041240",1777,1707,12522,182,1684
"Sunbury - South",2067,1053,3657,3729,5137,"210041241",3539,3530,26238,438,3081
"Hughesdale",474,357,988,1333,1288,"208021180",1042,1132,7473,164,700
"Blackburn South",884,838,1443,1200,1985,"207031162",1227,1373,10616,488,1175
"Wendouree - Miners Rest",1431,954,1662,1902,2824,"201011008",1800,1662,14273,452,1584
"Bacchus Marsh Region",631,243,942,535,1093,"201021009",617,775,5765,88,835
"Creswick - Clunes",1016,519,1034,647,1375,"201021010",735,870,7700,242,1260
"Surrey Hills (East) - Mont Albert",808,405,1458,1175,1730,"207031167",1417,1246,9805,282,1281
"Daylesford",1329,547,1442,626,1352,"201021011",636,1055,8903,260,1659
"Gordon (Vic.)",618,215,976,424,1084,"201021012",625,704,5545,63,834
"Avoca",560,229,430,205,504,"201031013",246,338,3195,67,613
"Beaufort",665,242,630,385,693,"201031014",348,504,4325,114,740
"Golden Plains - North",491,163,666,396,869,"201031015",487,573,4383,52,682
"Cheltenham - Highett (West)",819,470,1640,1255,2212,"208011171",1119,1736,10727,338,1150
"North Geelong - Bell Park",1603,1107,1753,1978,2356,"203021047",1647,1739,14529,648,1685
"Point Cook - South",347,48,1296,3028,4330,"213051466",1212,3383,14306,11,652
"Mildura Region",442,200,506,337,649,"215021398",378,419,3755,120,712
"Red Cliffs",540,306,803,656,1141,"215021399",693,630,5758,156,841
"Mildura - North",1845,1084,2190,2620,3325,"215021469",2414,2098,18330,494,2259
"Ocean Grove - Barwon Heads",2205,991,2880,2470,5039,"203031050",2237,3224,22506,503,2959
"Alfredton",777,367,1567,1497,2703,"201011001",1607,1589,11405,118,1172
"Flora Hill - Spring Gully",688,406,1022,1190,1640,"202011021",1978,1087,9276,267,1000
"Kangaroo Flat - Golden Square",1991,1338,2230,2724,3423,"202011022",2359,2215,19257,651,2331
"Maiden Gully",319,101,730,556,1310,"202011023",604,766,4975,22,564
"Strathfieldsaye",639,281,1165,777,2154,"202011024",1055,1246,8384,72,1002
"Docklands",556,120,1442,4373,870,"206041118",2116,1875,12486,22,1117
"Brighton East",1376,850,2526,1130,3218,"208011170",1800,1995,15510,680,1942
"East Melbourne",683,262,779,1616,375,"206041119",516,917,6195,180,867
"Kilmore - Broadford",1307,697,1983,1514,2784,"204011056",1879,1630,13654,240,1630
"Mansfield (Vic.)",1351,552,1499,1127,2207,"204011057",1376,1394,11303,205,1590
"Nagambie",566,302,537,356,624,"204011058",356,420,3940,118,674
"Seymour",679,426,839,646,967,"204011059",835,661,6235,198,984
"Seymour Region",400,144,639,631,856,"204011060",695,565,4563,50,584
"Upper Yarra Valley",14,11,49,18,27,"204011061",18,16,187,3,31
"Yea",585,242,474,225,588,"204011062",271,373,3462,83,623
"Benalla",1335,877,1309,933,1586,"204021063",1111,968,10072,481,1481
"Benalla Region",503,153,527,291,593,"204021064",316,349,3478,40,707
"White Hills - Ascot",812,390,1396,1937,2695,"202011025",1531,1391,11545,114,1287
"Bendigo Region - South",675,216,1145,696,1577,"202021026",797,875,7032,54,1007
"Rutherglen",505,231,571,304,652,"204021065",375,452,3761,100,575
"Wangaratta",1996,1397,2335,1998,3352,"204021066",2048,2134,18484,845,2373
"Wangaratta Region",1170,493,1474,664,1754,"204021067",866,1137,9344,147,1629
"Mount Baw Baw Region",773,314,919,449,1062,"205011077",670,676,6016,99,1057
"Trafalgar (Vic.)",810,396,964,816,1458,"205011078",789,894,7411,168,1115
"Warragul",1997,1116,2534,1990,3480,"205011079",2285,2040,18188,444,2305
"Alps - East",0,0,0,0,0,"205021080",0,0,4,0,4
"Bairnsdale",1635,1142,1768,1643,2594,"205021081",1654,1506,14365,560,1868
"Bruthen - Omeo",1107,460,1098,651,1333,"205021082",709,808,7532,95,1270
"Lake King",0,0,0,0,0,"205021083",0,0,0,0,0
"Lakes Entrance",1781,838,1227,747,1464,"205021084",766,950,9760,304,1677
"Orbost",1066,499,896,436,993,"205021085",473,537,6217,167,1155
"Paynesville",1291,646,698,376,757,"205021086",421,474,5944,225,1049
"Foster",1423,656,1179,676,1276,"205031087",720,804,8458,247,1487
"French Island",14,5,15,3,19,"205031088",0,13,98,0,28
"Portarlington",1472,683,899,438,919,"203031051",519,612,7161,290,1330
"Korumburra",1024,481,1260,837,1711,"205031089",889,1015,8827,252,1363
"Leongatha",1284,688,1438,1041,2105,"205031090",1138,1142,10617,299,1483
"Drouin",1688,946,1998,1991,3269,"205011076",1789,1760,15793,373,1978
"Phillip Island",1581,760,1335,909,1715,"205031091",799,1095,10133,368,1563
"Wilsons Promontory",3,0,3,3,3,"205031092",3,3,20,0,0
"Point Lonsdale - Queenscliff",761,468,455,209,510,"203031052",287,327,3879,226,627
"Torquay",1579,647,2523,1985,4151,"203031053",1727,2843,17810,248,2114
"Churchill",1164,425,1555,1215,2034,"205041094",1566,1261,11077,118,1740
"Moe - Newborough",1789,1098,2097,1883,2716,"205041095",2092,1736,16179,523,2237
"Morwell",1474,977,1776,1673,2349,"205041096",1688,1438,13660,439,1843
"Traralgon",2274,1449,3407,3706,5184,"205041097",3280,3261,26372,659,3164
"Yallourn North - Glengarry",352,146,660,512,893,"205041098",561,539,4398,47,690
"Alps - West",0,0,7,0,0,"205051099",3,0,21,0,3
"Longford - Loch Sport",654,222,635,413,683,"205051100",389,436,4280,55,793
"Maffra",1485,797,1679,1439,2604,"205051101",1528,1488,13334,298,2025
"Rosedale",413,152,647,762,752,"205051102",496,731,4635,49,631
"Sale",1337,841,1881,1849,2800,"205051103",1716,1726,14412,440,1815
"Yarram",785,386,718,432,752,"205051104",473,455,5139,166,974
"Wonthaggi - Inverloch",3281,1725,2853,1994,3611,"205031093",1906,2204,21660,740,3338
"Alexandra",1057,464,843,529,834,"204011054",461,647,6126,202,1076
"Euroa",984,537,800,464,899,"204011055",490,532,6058,253,1098
"Brunswick",1270,946,2567,7525,2620,"206011105",3589,4223,25095,401,1950
"Hampton",1444,803,2960,1555,3457,"208011172",2135,2333,17219,391,2139
"Bright - Mount Beauty",1516,556,2008,1680,2691,"204031069",1656,2045,14345,193,1997
"Chiltern - Indigo Valley",307,138,504,264,562,"204031070",317,356,3003,46,512
"Myrtleford",511,374,688,352,716,"204031071",441,450,4460,169,771
"Towong",815,405,849,451,935,"204031072",521,536,5683,186,997
"West Wodonga",1177,562,1956,1888,3226,"204031073",1934,1832,14655,277,1791
"Wodonga",1970,1064,3034,3540,4899,"204031074",3509,2999,24188,476,2696
"Flemington Racecourse",16,0,41,56,13,"206041120",27,49,226,0,19
"Yackandandah",478,204,691,301,884,"204031075",459,535,4338,93,690
"Rockbank - Mount Cottrell",207,66,447,704,335,"213041359",428,576,3081,10,308
"Point Nepean",2804,1408,2100,1373,2605,"214021383",1330,1849,16386,457,2471
"Brunswick East",499,381,1086,3517,1181,"206011106",1434,1877,10801,130,707
"Pascoe Vale South",621,482,1551,1166,1957,"206011109",1209,1535,9826,296,1013
"Airport West",694,555,974,1224,1162,"210011226",708,1090,7452,227,815
"Wallan",1003,308,2281,2447,3811,"209041224",2032,2286,16021,84,1762
"Whittlesea",784,427,1170,813,1602,"209041225",1012,1044,8010,190,970
"Doreen",966,222,2358,3571,6054,"209041430",2166,3775,20601,58,1441
"South Yarra - West",725,414,715,1646,472,"206041125",824,862,6709,325,724
"Wollert",285,93,716,2473,2478,"209041437",915,1539,9053,21,534
"Keilor East",3063,2304,3404,3081,4285,"210011229",2742,3468,25849,762,2732
"Niddrie - Essendon West",468,369,1089,869,1296,"210011230",836,1002,6857,215,706
"Ballarat",1257,809,1661,1429,1977,"201011002",1704,1423,12237,412,1570
"Bentleigh East (South)",1039,773,1895,1483,2661,"208021427",1384,1990,13114,415,1469
"Ballarat - North",2066,1209,3029,2953,4212,"201011003",2848,2762,22457,568,2809
"Aspendale Gardens - Waterways",573,327,1627,799,1784,"208031183",1362,1281,8849,90,997
"Bentleigh - McKinnon",1536,1040,3489,2392,4328,"208021174",2903,3071,21994,726,2506
"Smythes Creek",313,95,645,305,865,"201011007",515,532,3840,24,542
"Murrumbeena",536,361,1235,1615,1537,"208021181",1204,1414,9086,208,974
"Ballarat - South",2124,1204,2757,3598,4319,"201011004",3758,2882,23870,552,2668
"Buninyong",631,259,909,593,1468,"201011005",1348,895,7108,76,925
"Delacombe",598,289,875,953,1432,"201011006",1040,859,6922,144,736
"Maryborough (Vic.)",1163,805,930,664,1242,"201031016",843,753,7830,351,1077
"Maryborough Region",823,363,798,361,787,"201031017",467,464,5129,107,961
"Woodend",774,282,1096,458,1410,"202021031",701,972,6780,118,960
"Bendigo Region - North",487,194,699,325,831,"202031032",452,506,4265,61,712
"Bendigo",1396,878,1842,2185,2339,"202011018",2039,1749,14803,541,1838
"Loddon",1044,551,958,478,1121,"202031033",587,686,6900,236,1244
"Bannockburn",434,198,812,732,1665,"203011034",758,1005,6327,109,612
"Braeside",3,3,24,5,38,"208031184",16,11,118,0,14
"California Gully - Eaglehawk",1126,660,1392,1552,2376,"202011019",1580,1343,11683,242,1407
"Southbank",977,275,2569,8144,1069,"206041126",4274,3567,22820,49,1880
"Golden Plains - South",636,202,1080,643,1492,"203011035",691,935,6698,43,967
"Winchelsea",611,266,858,460,1105,"203011036",609,705,5614,118,882
"Carlton",611,343,1116,4789,1133,"206041117",8636,1595,19280,176,886
"East Bendigo - Kennington",1404,968,1663,1449,2098,"202011020",1996,1352,13216,593,1699
"Chelsea Heights",518,255,731,611,1014,"208031187",623,765,5214,60,636
"Castlemaine",1288,809,1515,1049,1580,"202021027",956,1287,10415,386,1551
"Castlemaine Region",1268,485,1316,508,1239,"202021028",727,880,8188,176,1595
"Heathcote",724,392,629,295,664,"202021029",362,439,4418,110,802
"Kyneton",1189,586,1398,836,1675,"202021030",1008,1227,9564,296,1344
"Belmont",1269,845,1599,2178,2319,"203021037",1770,1693,13737,584,1472
"Corio - Norlane",2237,1259,3398,3318,5069,"203021038",4294,3025,26139,399,3145
"Geelong",1213,710,1788,2104,1771,"203021039",1773,1616,13183,379,1827
"Geelong West - Hamlyn Heights",1464,944,2521,3071,3349,"203021040",2414,2604,19010,483,2161
"Lara",1347,618,2501,2471,3526,"203021043",2225,2688,17586,265,1945
"Carnegie",1181,752,1981,3999,2681,"208021176",2533,2613,17807,417,1638
"Newcomb - Moolap",1570,1037,2004,1672,2243,"203021045",1821,1586,14357,528,1898
"Newtown (Vic.)",841,451,1400,1135,1922,"203021046",1282,1274,9827,251,1275
"Grovedale",1929,1219,2610,3215,4266,"203021041",3280,2977,22669,889,2286
"Highton",1820,1081,2841,2311,4097,"203021042",3836,2717,21684,432,2541
"Leopold",1247,690,1559,1711,2502,"203021044",1470,1542,12389,278,1388
"Coburg",1609,1252,3351,5120,4212,"206011108",3104,4150,25825,562,2476
"Ormond - Glen Huntly",783,417,1696,2841,2243,"208021182",1788,1875,13112,198,1272
"Clifton Springs",1537,967,1690,1253,2375,"203031048",1417,1491,12907,343,1835
"Lorne - Anglesea",709,350,704,457,743,"203031049",415,534,4959,164,898
"Beechworth",595,299,681,346,736,"204031068",326,553,4419,114,768
"Brunswick West",783,570,1548,3380,1841,"206011107",1739,2130,13477,279,1216
"Alphington - Fairfield",529,354,1304,1599,1429,"206021110",1163,1300,8754,127,954
"Armadale",787,468,1055,1827,1233,"206061135",1043,1285,8751,220,839
"Northcote",1415,1073,3498,4948,3963,"206021111",2558,4050,24213,486,2218
"Cranbourne",1413,637,2622,2978,4267,"212031300",2696,2789,19825,235,2189
"West Melbourne",0,0,0,0,0,"206041127",0,0,0,0,0
"Thornbury",971,925,2397,3759,2931,"206021112",1903,3292,18196,419,1585
"Port Melbourne",1397,641,2374,2990,2200,"206051130",1102,3014,15803,183,1909
"Flemington",493,308,1038,2567,1537,"206031115",1566,1478,9968,145,831
"Cranbourne East",1130,703,2280,5396,7075,"212031301",2767,4457,25432,292,1328
"Ascot Vale",850,464,2002,2883,2649,"206031113",1670,2336,14587,203,1517
"Essendon - Aberfeldie",1829,1086,3982,4558,4448,"206031114",3732,3695,27166,698,3133
"Ardeer - Albion",567,334,815,1824,1278,"213011328",969,1165,7854,184,717
"Moonee Ponds",1001,666,1911,2461,2247,"206031116",1743,2102,14041,392,1521
"Tullamarine",721,342,847,1212,967,"210051250",710,923,6649,103,823
"Kensington (Vic.)",512,269,1174,3073,1550,"206041121",1180,1903,10621,96,869
"Melbourne",1685,396,4296,15443,1473,"206041122",16227,5591,48557,96,3358
"North Melbourne",840,401,1889,6485,1994,"206041123",5332,2802,21165,116,1313
"Parkville",415,319,578,1841,819,"206041124",3495,834,9188,370,517
"Albert Park",1555,688,2345,2934,2120,"206051128",1440,2588,15810,257,1880
"Elwood",735,321,2168,3782,2061,"206051129",1271,2919,14821,116,1461
"Port Melbourne Industrial",0,0,0,3,3,"206051131",0,3,9,0,0
"Rowville - North",461,295,1348,788,1661,"211011257",1192,1155,7855,99,860
"South Melbourne",911,457,1488,2762,1299,"206051132",1141,1955,11457,245,1201
"South Yarra - East",1162,666,2007,7536,1435,"206061137",3204,3012,20881,230,1626
"St Kilda",1494,643,3353,8538,1961,"206051133",2786,4609,26329,416,2523
"St Kilda East",784,379,1845,4934,2084,"206051134",1788,2873,16112,172,1253
"Toorak",1660,915,1549,2059,1468,"206061138",1572,1370,12694,462,1639
"Carlton North - Princes Hill",689,286,887,2244,914,"206071140",1193,1115,8234,127,774
"Rowville - South",752,376,1787,1114,1985,"211011258",1594,1403,10458,82,1362
"Abbotsford",418,178,766,3114,643,"206071139",959,1280,8087,98,624
"Kew",2158,1233,3592,3367,3960,"207011153",3616,2987,24619,778,2918
"Wantirna",1476,731,1773,1722,2327,"211011259",1614,1861,14102,494,2094
"Wantirna South",1681,996,2393,2134,2620,"211011260",2540,1961,17641,717,2595
"Fitzroy North",874,507,1438,2990,1542,"206071143",1245,1999,11999,173,1237
"Richmond (Vic.)",1818,1047,3406,9982,3057,"206071144",3388,4887,30565,359,2629
"Yarra - North",685,262,1231,1845,1372,"206071145",929,1508,8895,109,960
"Hawthorn East",1039,565,1699,3221,2346,"207011152",2188,2160,14917,304,1395
"Ashburton (Vic.)",536,310,1172,749,1665,"207011146",942,1102,7625,232,907
"Doncaster East (South)",1344,1084,1744,1843,2365,"207021425",1574,1988,13823,477,1397
"Blackburn",1585,1211,2985,2641,3931,"207031161",2715,2991,21029,732,2236
"Balwyn",1460,975,2296,1583,2527,"207011147",2416,1673,15502,601,1961
"Camberwell",1888,1198,3075,2222,3788,"207011149",3124,2430,20982,827,2425
"Balwyn North",1556,1033,3320,1680,3735,"207011148",3241,2213,19840,643,2427
"Glen Iris - East",1342,681,2618,1633,3349,"207011150",2199,2177,16232,300,1936
"Hawthorn",1448,735,2403,5648,2921,"207011151",4146,3046,22526,332,1849
"Kew East",534,306,1020,680,1292,"207011154",858,828,6366,156,702
"Surrey Hills (West) - Canterbury",1472,782,2491,1474,2974,"207011155",2371,1789,15981,540,2088
"Bulleen",1132,1094,1611,1245,1669,"207021156",1245,1340,10920,371,1220
"Doncaster",2077,1756,2626,3123,2777,"207021157",2680,2438,20361,591,2299
"Templestowe",1867,1071,2330,1690,2572,"207021159",2067,1765,16305,581,2343
"Templestowe Lower",1519,1245,1845,1325,2277,"207021160",1411,1753,13394,581,1441
"Bentleigh East (North)",994,709,2305,1491,3164,"208021426",1710,2328,14630,399,1524
"Doncaster East (North)",1479,813,2090,1501,2369,"207021424",2032,1716,14358,356,2007
"Box Hill",1234,961,2372,3998,2784,"207031163",3755,2422,20095,606,1958
"Caulfield - South",1690,925,2371,2227,3058,"208021178",2022,2320,17361,735,2017
"Caulfield - North",1675,851,2151,3738,3835,"208021177",2849,2548,20605,722,2236
"Box Hill North",1301,910,2434,2394,3107,"207031164",2359,2385,17286,430,1957
"Elsternwick",843,482,1509,1939,2063,"208021179",1134,1630,11142,324,1215
"Burwood",756,647,1210,2122,1365,"207031165",3595,1103,12197,452,933
"Burwood East",1046,833,1259,1408,1457,"207031166",1543,1253,10125,247,1074
"Beaumaris",1399,731,2208,702,2512,"208011168",1676,1512,13089,436,1909
"Taylors Hill",695,315,2193,2642,5593,"213041360",2313,4031,19050,77,1187
"Brighton (Vic.)",2480,1339,3483,1908,3870,"208011169",2612,2556,22209,947,3014
"Burnside",306,220,653,566,999,"213041461",628,689,4719,156,493
"Sandringham - Black Rock",1727,842,2629,1384,2921,"208011173",1713,1989,16081,745,2136
"Carrum - Patterson Lakes",1121,553,1705,1269,1916,"208031185",1234,1621,11255,252,1586
"Bundoora - East",1071,552,1205,1399,1605,"209011196",1433,1255,9721,238,956
"Chelsea - Bonbeach",1298,815,1770,2078,2397,"208031186",1117,2375,13941,485,1600
"Cheltenham - Highett (East)",1837,1374,2996,3018,3863,"208031188",2251,3410,21913,852,2311
"Mentone",1151,720,1837,1731,2081,"208031190",1393,1868,12620,414,1436
"Essendon Airport",0,0,0,0,0,"210011227",0,0,0,0,0
"Edithvale - Aspendale",967,597,1928,1501,2492,"208031189",1298,1935,12403,284,1399
"Moorabbin - Heatherton",719,521,1245,1083,1699,"208031191",1003,1401,8909,295,942
"Moorabbin Airport",0,0,0,0,0,"208031192",0,0,0,0,0
"Greensborough",1886,905,2719,2448,3747,"209011197",2372,2826,20027,449,2679
"Shepparton Region - West",967,542,1450,1074,1856,"216031419",1087,1235,9820,221,1388
"Glenelg (Vic.)",1154,579,1369,623,1353,"217011420",804,874,8411,208,1444
"Hamilton (Vic.)",1133,709,1270,993,1634,"217011421",1265,1018,9720,394,1300
"Watsonia",814,551,1120,1231,1655,"209011204",987,1414,8957,190,999
"Preston - West",730,595,1729,2060,2182,"209021429",1361,2017,12089,232,1182
"Portland",1107,646,1518,1013,1810,"217011422",1224,1244,10490,321,1610
"Southern Grampians",723,340,895,472,1115,"217011423",472,624,5836,170,1026
"Mordialloc - Parkdale",1449,898,3048,2265,3798,"208031193",2180,3041,19535,554,2311
"Kingsbury",568,483,1318,2025,1520,"209021205",3332,1232,11579,254,855
"Reservoir - East",1971,1633,3079,5438,4230,"209021207",3115,3855,26851,962,2562
"Reservoir - West",1895,1610,3015,4157,4066,"209021208",2541,3520,23864,749,2315
"Kinglake",288,84,658,363,755,"209031211",440,556,3700,19,537
"Malvern - Glen Iris",1687,1148,2502,3415,3302,"208041194",2483,2601,19863,658,2073
"Panton Hill - St Andrews",511,179,864,386,915,"209031212",681,579,4995,70,818
"Plenty - Yarrambat",771,310,1501,956,1816,"209031213",1305,1184,9195,123,1212
"Research - North Warrandyte",582,175,1140,479,1357,"209031214",948,842,6515,59,936
"Malvern East",1552,877,2950,2887,3652,"208041195",3632,2653,20906,487,2226
"Eltham",2031,743,3597,1942,4511,"209031209",2977,2992,22340,266,3281
"Hurstbridge",268,81,507,315,709,"209031210",459,495,3363,18,509
"Heidelberg - Rosanna",1295,1069,1909,2069,2833,"209011198",1556,2252,15285,683,1611
"Bundoora - West",709,425,663,1039,784,"209041217",935,723,6181,120,791
"Lalor",2108,1496,2644,3672,4172,"209041219",2746,3112,22624,367,2305
"Epping - South",813,331,1081,1493,1541,"209041432",1074,1156,8669,154,1031
"Coburg North",474,441,988,1364,1346,"210031236",814,1251,7646,276,687
"Heidelberg West",980,632,1740,2601,2455,"209011199",1761,1958,14124,475,1525
"Ivanhoe",933,490,1696,1586,1853,"209011200",1447,1550,11259,218,1487
"Ivanhoe East - Eaglemont",798,363,1159,704,1341,"209011201",1019,824,7514,205,1093
"Montmorency - Briar Hill",1612,781,2088,1862,2938,"209011202",1681,2359,15668,321,2036
"Viewbank - Yallambie",1698,1064,2393,2192,3484,"209011203",2032,2713,18072,500,1987
"Preston - East",1218,902,2593,4154,2935,"209021428",2469,3263,19786,383,1873
"Mernda",663,223,1634,3664,4446,"209041434",1758,2848,16370,43,1104
"South Morang (North)",436,154,1613,1832,3170,"209041435",1535,2316,11945,28,853
"Wattle Glen - Diamond Creek",923,362,2211,1472,2663,"209031215",2076,1785,13381,153,1739
"Epping - East",779,502,1771,2064,2686,"209041431",1816,1842,13175,248,1465
"Bundoora - North",373,276,967,1353,1274,"209041216",1475,966,7462,116,674
"Epping - West",300,113,1121,2341,3028,"209041433",1206,2056,10850,20,669
"Mill Park - North",1174,623,2905,2460,3012,"209041220",2700,2195,17702,245,2392
"Mill Park - South",901,388,1662,1880,2045,"209041221",1706,1402,11776,90,1696
"Fawkner",826,1035,1467,2345,2971,"210031237",1637,1835,13754,500,1141
"Thomastown",2201,1421,2328,3281,3337,"209041223",2443,2517,20235,372,2337
"South Morang (South)",759,489,1719,1613,2523,"209041436",1618,1830,11931,292,1090
"Keilor",1088,532,1161,808,1434,"210011228",1016,1054,8330,217,1020
"Strathmore",716,435,1409,873,1828,"210011231",1253,1261,9216,234,1208
"Gisborne",1162,463,1875,1172,2884,"210021232",1478,1819,12490,217,1425
"Nhill Region",850,526,930,609,1056,"215011390",681,604,6658,327,1065
"St Arnaud",522,258,469,276,485,"215011391",292,306,3279,126,548
"Macedon",391,129,510,241,718,"210021233",311,441,3278,27,509
"Riddells Creek",376,115,677,338,805,"210021234",478,487,3871,47,553
"Romsey",922,344,1504,845,1851,"210021235",1044,1210,9175,93,1361
"Glenroy",1401,1300,2393,4697,3881,"210031438",2715,3106,21987,775,1716
"Hampton Park - Lynbrook",1368,597,3381,3888,5756,"212031305",3970,3594,25377,158,2660
"Pascoe Vale",1281,1203,2861,4464,4146,"210031239",2604,3721,23178,791,2096
"Gowanbrae",182,165,407,372,650,"210031439",279,532,2870,50,236
"Meadow Heights",845,330,2050,2173,3439,"210051247",2470,1899,14772,71,1498
"Melbourne Airport",116,26,129,123,62,"210051248",62,129,772,3,117
"Stawell",1049,552,1150,817,1231,"215011392",895,893,8129,267,1269
"Broadmeadows",809,567,1546,2566,2897,"210051242",1936,1636,13416,225,1245
"Croydon South",443,213,631,677,934,"211031452",501,704,4635,45,482
"Campbellfield - Coolaroo",1306,840,1948,2416,3599,"210051243",2408,1931,16098,215,1436
"Gladstone Park - Westmeadows",1926,875,2404,2263,2938,"210051245",2292,2206,17529,241,2391
"Greenvale - Bulla",1070,389,2609,2195,3184,"210051246",2591,2044,16162,87,1984
"West Wimmera",337,224,402,239,475,"215011393",242,250,2676,85,427
"Yarriambiack",844,528,903,555,1039,"215011394",619,550,6418,324,1051
"Roxburgh Park - Somerton",870,365,3266,2864,5677,"210051249",3776,3109,21742,123,1696
"Irymple",631,346,1044,617,1407,"215021395",847,807,6720,110,916
"Merbein",483,260,695,445,922,"215021396",555,513,4649,134,656
"Craigieburn - Central",497,178,1131,1340,1827,"210051441",1231,1134,8289,49,896
"Craigieburn - North",304,109,1323,1941,3395,"210051442",1544,2145,11516,10,740
"Croydon Hills - Warranwood",1307,576,2977,1856,3447,"211031265",2686,2172,17554,240,2300
"Craigieburn - West",391,182,1116,3607,4053,"210051444",1542,2398,14070,87,693
"Mickleham - Yuroke",170,60,453,743,735,"210051445",456,475,3378,12,270
"Bayswater",1086,680,1520,2060,2053,"211011251",1337,1694,11914,258,1233
"Knoxfield - Scoresby",1379,600,2082,1970,2792,"211011254",1961,2131,14790,150,1729
"Ringwood",1334,869,2028,2934,3060,"211031266",1854,2616,16933,543,1695
"Swan Hill Region",708,336,981,598,1194,"215031405",674,664,6287,112,1020
"Echuca",1682,1017,1924,1534,2617,"216011406",1661,1601,14441,464,1942
"Kyabram",1216,725,1395,1086,2026,"216011407",1187,1150,10600,395,1420
"Craigieburn - South",604,221,2217,2951,3826,"210051443",2501,2348,16187,54,1466
"Lockington - Gunbower",347,204,607,304,757,"216011408",421,424,3716,51,598
"Lysterfield",316,125,1306,554,1267,"211011255",1178,851,6486,36,860
"Caroline Springs",799,322,2744,2646,5165,"213041463",2575,3901,19795,49,1593
"Rowville - Central",979,527,2317,1999,2628,"211011256",2324,1921,14972,184,2096
"Cobram",849,557,760,622,1067,"216021411",650,638,6135,206,791
"Boronia",2058,1207,2700,3456,3759,"211011446",2365,3063,21754,546,2601
"Ferntree Gully (North)",1356,746,1879,1957,2381,"211011447",1492,1929,13678,346,1591
"Moira",325,120,411,218,399,"216021412",275,229,2454,41,442
"Numurkah",1353,813,1662,1164,2248,"216021413",1377,1262,11983,308,1798
"Yarrawonga",1109,776,874,670,1365,"216021414",705,769,7630,367,999
"Ferntree Gully (South) - Upper Ferntree Gully",1234,556,2053,1937,2707,"211011448",1880,2062,14512,230,1851
"Ringwood East",1796,1076,2781,2668,3810,"211031267",2314,3034,20157,508,2176
"Ringwood North",878,462,1351,913,1802,"211031268",1179,1253,9275,171,1267
"The Basin",327,115,651,537,850,"211011449",499,626,4172,31,540
"Donvale - Park Orchards",1531,915,2462,1360,2853,"211021261",2147,1846,15577,477,1989
"Warrandyte - Wonga Park",857,387,1768,707,1832,"211021262",1560,1037,9774,174,1448
"Croydon - East",1325,768,1754,2589,2720,"211031450",1571,2180,14892,319,1663
"Croydon - West",1252,902,1635,1716,2382,"211031451",1578,1732,13141,505,1439
"Forest Hill",972,822,1374,1387,1805,"211041269",1202,1543,10632,407,1120
"Mitcham (Vic.)",1276,773,2141,2498,3003,"211041270",1693,2530,15861,288,1659
"Bayswater North",820,339,1713,1758,2179,"211031263",1521,1613,11587,263,1374
"Vermont",987,583,1370,1116,2167,"211041272",1097,1650,10239,182,1088
"Vermont South",1511,780,1579,1036,1780,"211041273",1632,1321,11503,363,1501
"Belgrave - Selby",742,263,1565,1047,1985,"211051274",1288,1447,9793,59,1402
"Nunawading",869,647,1518,1820,2153,"211041271",1298,1763,11645,442,1133
"Chirnside Park",978,435,1333,1266,1733,"211051275",1325,1184,9579,143,1179
"Healesville - Yarra Glen",1515,775,1938,1428,2524,"211051276",1500,1717,13590,273,1917
"Lynbrook - Lyndhurst",490,217,1787,2531,4108,"212031306",1789,2945,15148,158,1119
"Pearcedale - Tooradin",679,232,1206,828,1564,"212031308",940,1041,7625,75,1055
"Kilsyth",919,508,1053,1340,1645,"211051277",989,1118,8996,378,1043
"Lilydale - Coldstream",1604,877,2708,2279,3488,"211051278",2454,2414,18322,359,2141
"Monbulk - Silvan",567,196,855,508,1063,"211051279",666,741,5417,95,726
"Emerald - Cockatoo",1450,545,2783,1680,3653,"212011289",2274,2482,17532,220,2448
"Koo Wee Rup",669,355,1024,884,1516,"212011290",938,900,7324,143,892
"Montrose",623,323,899,769,1263,"211051280",816,874,6635,240,822
"Mooroolbark",1771,791,2823,3321,4321,"211051281",2944,2883,21599,273,2460
"Mount Dandenong - Olinda",1055,323,1477,834,1775,"211051282",970,1328,9431,110,1561
"Pakenham - North",1062,511,1953,3683,4633,"212011291",2394,2535,18393,216,1415
"Hallam",786,455,1380,1614,2111,"212021297",1497,1380,10696,220,1254
"Narre Warren North",632,314,1282,630,1389,"212021299",1300,826,7643,177,1093
"Mount Evelyn",724,294,1411,1246,1934,"211051283",1358,1276,9467,85,1132
"Endeavour Hills - South",1135,470,1700,1825,2391,"212021454",1828,1679,13214,128,2057
"Endeavour Hills - North",920,381,1652,1633,2200,"212021453",1673,1531,11841,183,1676
"Upwey - Tecoma",704,236,1545,1044,1800,"211051284",1235,1436,9406,74,1333
"Wandin - Seville",603,273,1146,830,1505,"211051285",1028,967,7369,85,937
"Yarra Valley",1629,660,2444,1721,3047,"211051286",1900,1969,15886,250,2261
"Beaconsfield - Officer",711,277,1914,1938,2885,"212011287",1954,1922,12852,59,1203
"Bunyip - Garfield",819,334,1396,792,1698,"212011288",1118,1008,8455,136,1157
"Pakenham - South",1881,1000,3202,4589,7264,"212011292",3424,4243,28210,389,2226
"Berwick - North",1911,1468,3412,2284,4018,"212021293",3196,2853,22547,733,2672
"Berwick - South",1114,412,3638,3126,6924,"212021294",3538,4635,25522,95,2038
"Doveton",853,580,1271,2004,2179,"212021295",1518,1587,11347,198,1157
"Narre Warren - North East",719,392,2244,1717,2725,"212021455",2204,1803,13272,99,1374
"Narre Warren - South West",977,435,1822,2350,2723,"212021456",1920,1864,13864,219,1543
"Cranbourne North",867,314,2445,3511,5153,"212031302",2760,3183,19900,84,1578
"Cranbourne South",699,348,1195,1149,1796,"212031303",1088,1177,8726,175,1093
"Cranbourne West",501,202,1582,3320,3860,"212031304",1866,2501,14940,82,1039
"Narre Warren South (East)",679,254,2133,1211,3144,"212031457",2249,2017,13028,57,1286
"Narre Warren South (West)",747,285,2338,2144,4250,"212031458",2667,2775,16687,82,1403
"Clarinda - Oakleigh South",1325,744,1570,1522,1689,"212041309",1469,1416,11581,282,1571
"Clayton South",972,695,1337,2795,2020,"212041310",1781,1684,12574,189,1091
"Dandenong",1881,1406,3191,6433,5841,"212041311",4367,4536,30955,649,2654
"Dandenong North",2088,1141,2718,3342,4042,"212041312",2868,2945,22201,449,2610
"Dingley Village",1143,582,1456,922,1817,"212041313",1195,1337,10092,258,1383
"Noble Park - East",810,567,1355,2922,2075,"212041459",1481,1698,12418,292,1215
"Keysborough",2024,871,3342,3894,5136,"212041314",3567,3829,25823,367,2790
"Noble Park North",791,386,948,1052,1289,"212041316",916,1010,7414,107,908
"Springvale",1519,1121,2524,4139,3505,"212041317",3387,2662,21632,578,2195
"Springvale South",1023,486,1672,1996,2295,"212041318",1918,1566,12533,174,1418
"Noble Park - West",1499,883,2113,3365,3325,"212041460",2612,2434,18568,383,1945
"Ashwood - Chadstone",1257,845,2235,3400,3111,"212051319",2393,2661,18057,428,1724
"Clayton",853,810,1422,5466,2201,"212051320",8584,2178,23185,551,1131
"Glen Waverley - East",2187,1421,2895,2192,3565,"212051321",3064,2664,20856,560,2308
"Glen Waverley - West",1436,1237,2782,2471,3140,"212051322",3092,2600,19382,506,2127
"Mount Waverley - North",1255,1140,2270,1693,2548,"212051323",2195,1796,15043,420,1718
"Mount Waverley - South",1521,1240,2578,2315,3157,"212051324",2441,2406,18105,565,1883
"Mulgrave",1900,1159,2405,2866,3344,"212051325",2280,2736,19298,506,2105
"Oakleigh - Huntingdale",1383,1102,2753,3616,3474,"212051326",3046,3111,21063,614,1961
"Wheelers Hill",2456,1459,2694,1823,3084,"212051327",2397,2222,19369,712,2521
"Cairnlea",461,120,1390,1266,2186,"213011329",1515,1618,9653,48,1046
"Keilor Downs",1283,594,1706,1805,2183,"213011332",1772,1586,13059,179,1953
"Kings Park (Vic.)",1386,448,1695,1994,2591,"213011333",1834,1823,13732,97,1864
"Deer Park - Derrimut",1586,644,2831,4815,6228,"213011330",3149,4297,26033,179,2305
"Delahey",569,216,1306,1223,1444,"213011331",1353,986,8287,106,1083
"St Albans - North",1738,1043,2286,3686,3464,"213011334",2863,2458,20015,326,2151
"Altona North",1107,1187,1507,2324,2523,"213021343",1492,1998,13891,523,1228
"St Albans - South",1499,951,2136,2955,2946,"213011335",2709,2102,17613,332,1984
"Sydenham",626,338,1704,1917,2322,"213011339",1782,1795,11878,258,1144
"Sunshine North",833,603,1453,1883,2070,"213011337",1741,1480,11647,320,1263
"Taylors Lakes",1341,518,3079,1872,2755,"213011340",2879,1936,17200,178,2645
"Altona",1221,796,1763,1638,2094,"213021341",1124,1922,12450,354,1534
"Altona Meadows",1569,767,2709,3050,3197,"213021342",2292,2544,18874,317,2421
"Sunshine",539,348,1078,2100,1629,"213011336",1245,1434,9558,230,960
"Sunshine West",1773,1070,2208,3085,3291,"213011338",2508,2471,18578,292,1877
"Newport",944,535,2502,2630,3622,"213021344",1679,3319,17359,315,1816
"Seabrook",289,122,772,715,1129,"213021345",618,806,5072,32,587
"Williamstown",1322,642,2713,1374,2885,"213021346",1885,2014,15330,365,2132
"Seddon - Kingsville",408,291,1225,1895,1702,"213031350",823,1868,9076,163,704
"West Footscray - Tottenham",566,336,1353,2663,1914,"213031351",1344,2011,11343,163,998
"Braybrook",1006,565,2028,4028,3163,"213031347",2812,2696,18293,256,1736
"Footscray",811,573,1569,4846,1836,"213031348",2586,2583,16550,381,1360
"Yarraville",727,552,2075,2614,2768,"213031352",1379,2902,14581,301,1260
"Bacchus Marsh",1832,786,2766,2542,4250,"213041353",2541,2762,20114,320,2319
"Hillside",898,274,2802,3299,4861,"213041355",2770,3448,20146,59,1736
"Maribyrnong",599,258,1541,2777,1786,"213031349",1927,1869,12086,129,1208
"Melton",1655,600,2403,2744,4003,"213041356",2445,2462,18742,196,2241
"Melton South",1589,598,2570,3932,5639,"213041357",2821,3479,23245,264,2351
"Melton West",1029,311,1992,2875,4451,"213041358",2360,2582,17442,74,1767
"Hoppers Crossing - South",1762,632,2400,2918,3777,"213051362",2662,2506,19182,172,2360
"Laverton",348,179,913,2354,1762,"213051363",1178,1485,8970,43,706
"Tarneit",1021,407,3228,7575,10166,"213051365",3960,6363,34597,81,1793
"Burnside Heights",157,46,637,999,1786,"213041462",752,1247,5995,11,362
"Truganina",485,141,1803,6586,6601,"213051366",2320,4365,23371,27,1056
"Werribee - South",1040,683,1605,1659,1895,"213051368",1366,1487,11507,309,1465
"Wyndham Vale",953,365,2503,4515,6356,"213051369",2774,3854,23094,95,1675
"Hoppers Crossing - North",1137,431,3001,2734,3775,"213051361",3006,2437,18994,129,2338
"Point Cook - East",377,86,1662,2101,3202,"213051464",1443,2312,12091,23,883
"Point Cook - North",846,393,3002,3530,6385,"213051465",2492,4717,22919,101,1455
"Werribee - East",1351,746,2563,3046,4032,"213051467",2664,2621,19631,402,2210
"Werribee - West",787,355,1727,1880,2225,"213051468",1611,1489,11670,87,1518
"Carrum Downs",1376,715,2845,3164,4118,"214011370",2604,2996,20444,419,2201
"Frankston",2145,1236,2986,3496,3643,"214011371",2923,2990,22974,546,3003
"Frankston North",1930,1125,2352,2898,3436,"214011372",2186,2435,19018,476,2174
"Skye - Sandhurst",712,242,1954,1747,3023,"214011376",1666,2112,12813,46,1304
"Frankston South",1781,1134,2638,1604,3345,"214011373",2164,2225,17826,694,2247
"Langwarrin",1809,791,3636,3088,4613,"214011374",3276,3124,23337,213,2782
"Seaford (Vic.)",1523,837,2182,2386,2724,"214011375",1594,2504,16148,333,2052
"Mount Eliza",1884,1039,2831,906,3742,"214021381",2091,2202,17358,429,2229
"Mount Martha",1868,1041,2814,1210,3922,"214021382",1914,2468,17788,501,2045
"Dromana",1712,935,1450,923,1559,"214021377",968,1158,10605,372,1530
"Flinders",850,352,816,266,817,"214021378",486,499,5228,135,1009
"Hastings - Somers",2312,1215,2825,2597,4013,"214021379",3001,2562,21733,365,2843
"Mornington",3195,2154,3011,2151,3832,"214021380",2221,2850,23245,998,2830
"Rosebud - McCrae",2959,2310,2433,1872,2994,"214021384",1756,2011,20394,1321,2734
"Mooroopna",863,456,943,915,1438,"216031415",950,948,7739,187,1021
"Shepparton - North",1498,965,2500,2446,3764,"216031416",2329,2337,18526,493,2192
"Colac",1188,851,1486,1408,2213,"217031472",1454,1311,11889,447,1522
"Somerville",1569,781,2642,2164,3205,"214021385",2448,2082,17653,327,2443
"Shepparton - South",2006,1204,2961,3040,4762,"216031417",2983,2786,22833,534,2557
"Shepparton Region - East",361,140,619,320,776,"216031418",466,467,3747,35,556
"Ararat",915,567,1217,1025,1208,"215011386",918,1008,8275,286,1126
"Ararat Region",403,211,390,262,589,"215011387",203,348,3026,69,555
"Colac Region",629,264,799,472,1060,"217031473",528,598,5182,59,763
"Corangamite - North",634,384,718,421,934,"217031474",555,529,5185,167,830
"Corangamite - South",673,413,1112,654,1380,"217031475",845,749,6971,154,985
"Otway",483,208,524,327,445,"217031476",283,344,3398,63,722
"Rochester",433,337,520,308,645,"216011409",427,339,3704,143,539
"Rushworth",607,337,593,286,616,"216011410",369,377,3992,100,705
"Moyne - East",614,302,939,643,1407,"217041477",701,757,6450,131,953
"Moyne - West",1056,490,1335,853,1844,"217041478",901,1148,9259,221,1410
"Warrnambool - North",1877,1082,2734,2505,4093,"217041479",2802,2467,20410,436,2422
"Warrnambool - South",1325,834,1760,1593,2056,"217041480",1650,1496,12965,535,1720
"Horsham",1523,1123,1942,2013,3040,"215011388",1876,1796,15885,536,2025
"Horsham Region",337,154,522,273,663,"215011389",369,398,3319,74,530
"Mildura - South",1511,965,1841,1845,2699,"215021470",1758,1696,14478,416,1745
"Buloke",774,551,857,460,1009,"215031400",532,542,6046,335,978
"Gannawarra",971,511,892,498,1067,"215031401",646,640,6429,176,1029
"Kerang",482,419,474,365,616,"215031402",393,355,3837,192,543
"Robinvale",296,140,411,501,688,"215031403",390,363,3332,68,486
"Swan Hill",989,765,1352,1419,2027,"215031404",1378,1289,10875,384,1272
"Camperdown",492,312,413,307,586,"217031471",314,340,3376,124,489
