partial_inc_stated_tot_hhlds, hi1500_1999_tot_hhlds, hi3000_more_tot_hhlds, all_inc_ns_tot_hhlds, sa2_name16, hi150_299_tot_hhlds, hi650_799_tot_hhlds, hi500_649_tot_hhlds, hi1000_1249_tot_hhlds, hi1_149_tot_hhlds, hi400_499_tot_hhlds, sa2_main16, hi1250_1499_tot_hhlds, hi300_399_tot_hhlds, hi800_999_tot_hhlds, tot_tot_hhlds, neg_nil_income_tot_hhlds, hi2000_2499_tot_hhlds, hi2500_2999_tot_hhlds
454,718,364,256,"Mildura - North",218,702,459,623,64,650,"215021469",564,366,582,6830,92,444,276
242,357,469,44,"Strathfieldsaye",16,176,68,191,17,85,"202011024",220,32,152,2729,12,369,268
110,155,84,32,"Benalla Region",22,151,52,105,16,106,"204021064",126,42,123,1291,17,102,55
752,1127,2084,160,"Prahran - Windsor",173,375,249,607,53,374,"206061136",589,240,427,8983,155,1043,562
270,385,760,97,"Collingwood",165,166,118,218,50,207,"206071141",196,161,157,3729,86,464,249
156,244,141,84,"Hadfield",64,189,92,178,16,225,"210031440",178,75,146,2094,29,179,104
337,539,654,89,"Sunbury",53,219,127,333,29,188,"210041240",310,65,254,4142,51,530,353
653,1307,1112,233,"Sunbury - South",144,628,385,831,54,536,"210041241",795,208,598,9501,102,1197,722
373,361,987,89,"Fitzroy",154,195,160,250,47,231,"206071142",198,160,195,4129,81,406,241
198,317,530,50,"Hughesdale",61,141,93,199,29,156,"208021180",155,88,130,2767,82,336,208
332,569,211,220,"Wendouree - Miners Rest",152,605,363,575,30,651,"201011008",441,272,520,5667,71,449,195
172,256,241,58,"Bacchus Marsh Region",59,180,81,154,32,127,"201021009",170,62,122,2079,37,211,131
196,286,161,101,"Creswick - Clunes",90,295,173,279,23,319,"201021010",224,111,271,2933,40,235,127
250,347,231,111,"Daylesford",92,347,207,367,35,373,"201021011",289,149,339,3612,54,269,146
171,228,213,55,"Gordon (Vic.)",31,140,92,175,20,138,"201021012",139,54,144,1964,40,209,130
102,131,42,59,"Avoca",56,178,89,108,24,186,"201031013",101,68,115,1365,27,54,33
123,161,71,53,"Beaufort",41,171,89,166,17,169,"201031014",109,77,117,1561,37,97,59
119,205,91,42,"Golden Plains - North",47,174,78,152,12,140,"201031015",134,52,133,1632,26,161,70
296,609,929,43,"Point Cook - South",35,136,69,289,29,62,"213051466",303,29,195,4291,66,766,445
92,142,90,63,"Mildura Region",55,125,73,127,14,130,"215021398",106,56,140,1417,30,111,64
159,226,100,101,"Red Cliffs",52,190,95,189,20,211,"215021399",189,86,167,2069,28,197,77
300,387,655,86,"Blackburn South",71,241,172,284,24,301,"207031162",224,104,215,3803,64,373,306
241,420,317,85,"Flora Hill - Spring Gully",94,298,236,349,33,299,"202011021",279,127,290,3630,34,303,215
426,930,357,263,"Kangaroo Flat - Golden Square",171,816,485,795,43,707,"202011022",667,310,731,7758,84,639,332
137,221,202,18,"Maiden Gully",11,79,39,117,9,54,"202011023",140,13,76,1528,5,253,160
265,352,1116,53,"Surrey Hills (East) - Mont Albert",42,136,120,213,27,154,"207031167",205,52,148,3561,56,366,242
493,465,1753,134,"Brighton East",67,228,208,297,47,245,"208011170",270,107,230,5455,72,494,345
302,597,284,99,"White Hills - Ascot",61,327,178,372,20,240,"202011025",398,109,304,4118,25,550,254
193,333,281,50,"Bendigo Region - South",39,143,71,208,22,112,"202021026",203,31,162,2356,18,292,199
368,607,430,161,"Kilmore - Broadford",95,371,215,407,30,349,"204011056",404,140,372,4845,64,515,315
264,339,194,118,"Mansfield (Vic.)",78,304,204,321,36,313,"204011057",265,102,263,3233,53,242,142
122,169,104,67,"Nagambie",39,146,99,135,19,157,"204011058",115,53,112,1578,33,130,81
163,237,136,112,"Seymour",80,250,160,237,22,236,"204011059",180,119,204,2441,35,169,106
130,205,142,28,"Seymour Region",19,87,43,133,11,67,"204011060",108,27,81,1360,21,148,113
3,9,3,6,"Upper Yarra Valley",6,10,5,9,0,14,"204011061",4,7,6,84,0,4,3
105,141,89,59,"Yea",57,150,75,119,20,138,"204011062",118,67,106,1419,32,106,52
275,419,206,185,"Benalla",109,511,300,394,55,491,"204021063",290,218,395,4325,40,279,155
104,179,104,47,"Rutherglen",45,146,69,134,15,120,"204021065",127,66,121,1521,18,146,77
424,794,395,328,"Wangaratta",190,715,459,732,43,792,"204021066",576,328,691,7495,72,612,331
317,384,292,85,"Wangaratta Region",72,303,163,354,29,234,"204021067",278,98,294,3482,52,335,191
374,749,394,184,"Drouin",111,566,300,567,52,475,"205011076",497,180,475,5807,73,527,277
190,250,189,56,"Mount Baw Baw Region",51,173,88,201,26,190,"205011077",162,51,187,2172,32,192,137
210,333,260,91,"Trafalgar (Vic.)",76,272,122,246,23,199,"205011078",210,96,207,2797,33,263,152
494,781,682,190,"Warragul",160,588,364,620,49,548,"205011079",505,203,563,6872,86,640,390
0,0,0,0,"Alps - East",0,0,0,0,0,0,"205021080",0,0,0,0,0,0,0
404,585,268,242,"Bairnsdale",128,572,348,534,51,585,"205021081",444,225,541,5587,56,402,209
229,319,143,93,"Bruthen - Omeo",91,281,153,309,19,247,"205021082",273,127,228,2894,37,236,108
0,0,0,0,"Lake King",0,0,0,0,0,0,"205021083",0,0,0,0,0,0,0
271,354,146,171,"Lakes Entrance",124,464,266,393,47,460,"205021084",295,167,337,3908,69,236,123
189,188,97,101,"Orbost",97,338,171,230,52,375,"205021085",186,155,221,2648,60,135,56
162,227,134,105,"Paynesville",54,344,185,240,28,275,"205021086",215,91,237,2577,36,159,86
246,314,165,152,"Foster",125,367,217,320,35,390,"205031087",256,159,304,3463,66,240,105
8,0,0,4,"French Island",3,3,3,3,7,10,"205031088",0,8,7,55,0,0,0
241,382,206,101,"Korumburra",93,312,184,304,35,335,"205031089",262,116,283,3338,46,258,171
282,481,276,129,"Leongatha",92,363,215,397,48,366,"205031090",321,149,340,4066,52,353,208
304,402,200,145,"Phillip Island",108,463,308,403,35,425,"205031091",321,153,366,4099,68,270,130
0,0,0,0,"Wilsons Promontory",0,0,0,0,0,0,"205031092",0,0,0,6,0,0,0
576,868,441,386,"Wonthaggi - Inverloch",270,1019,627,876,86,1053,"205031093",687,422,776,9013,119,542,256
337,470,443,76,"Churchill",105,354,209,330,39,297,"205041094",307,120,282,4070,79,378,251
452,599,428,316,"Moe - Newborough",274,737,441,529,66,798,"205041095",448,397,530,6781,91,422,240
314,416,268,279,"Morwell",249,597,411,481,60,721,"205041096",359,361,475,5613,92,363,167
684,1213,1082,275,"Traralgon",218,802,579,807,68,736,"205041097",733,357,720,10058,109,1067,597
131,209,194,41,"Yallourn North - Glengarry",39,120,66,147,21,102,"205041098",114,37,120,1632,19,175,91
0,0,0,0,"Alps - West",0,0,3,0,0,0,"205051099",0,0,3,7,0,0,0
139,134,152,53,"Longford - Loch Sport",64,167,76,112,23,171,"205051100",112,74,149,1621,31,107,58
426,583,374,180,"Maffra",113,502,260,493,55,432,"205051101",399,190,424,5174,67,461,229
128,169,150,36,"Rosedale",15,111,65,140,9,101,"205051102",121,39,100,1426,30,143,84
449,635,529,185,"Sale",160,468,321,499,40,487,"205051103",398,220,420,5624,67,479,280
141,195,109,82,"Yarram",79,236,137,219,37,262,"205051104",149,94,193,2174,36,133,68
287,386,916,87,"Cheltenham - Highett (West)",67,221,157,287,28,248,"208011171",249,116,237,4088,56,441,311
538,503,1946,168,"Hampton",134,311,239,370,40,323,"208011172",298,187,305,6376,85,578,348
891,1274,2006,150,"Brunswick",268,488,345,727,86,519,"206011105",745,287,511,10560,183,1290,786
359,597,886,72,"Brunswick East",96,258,148,366,36,215,"206011106",329,100,258,4776,100,577,387
251,381,706,74,"Pascoe Vale South",55,183,97,219,24,178,"206011109",217,78,178,3371,49,385,301
284,586,1098,44,"Docklands",96,138,119,273,59,91,"206041118",281,81,196,4673,399,645,275
139,230,748,32,"East Melbourne",25,52,54,140,12,47,"206041119",130,26,86,2173,38,289,131
280,538,510,59,"Alfredton",48,279,146,317,14,192,"201011001",332,66,251,3886,38,498,330
0,10,3,0,"Flemington Racecourse",0,0,0,0,0,0,"206041120",4,0,0,22,3,3,3
320,512,696,112,"Ballarat",121,329,252,369,35,343,"201011002",338,160,342,4654,66,406,268
352,516,943,122,"Bentleigh East (South)",68,276,190,303,42,258,"208021427",324,103,278,4716,72,537,334
194,353,754,52,"South Yarra - West",36,84,64,198,21,67,"206041125",196,34,127,2730,53,356,148
149,195,191,40,"Yackandandah",19,123,52,151,7,90,"204031075",130,31,112,1582,14,172,116
604,1097,802,266,"Ballarat - North",212,743,530,753,53,776,"201011003",708,345,698,8992,107,850,439
673,797,1944,169,"Bentleigh - McKinnon",127,465,316,509,74,408,"208021174",422,170,385,7979,172,817,535
598,1018,422,318,"Ballarat - South",284,1084,704,909,81,1063,"201011004",791,461,926,9868,126,732,354
182,301,353,37,"Buninyong",40,157,85,163,24,105,"201011005",155,32,159,2281,25,278,178
162,348,146,74,"Delacombe",54,229,105,233,13,173,"201011006",220,60,212,2472,20,266,161
253,331,630,34,"Aspendale Gardens - Waterways",24,140,93,148,11,94,"208031183",176,37,130,2777,37,361,282
112,186,136,18,"Smythes Creek",19,86,44,107,4,54,"201011007",95,20,80,1246,9,162,113
169,264,81,175,"Maryborough (Vic.)",127,443,265,312,35,494,"201031016",218,204,331,3374,39,156,63
156,150,53,89,"Maryborough Region",71,256,147,188,26,325,"201031017",154,119,201,2164,42,124,64
229,396,754,54,"Murrumbeena",76,192,124,277,23,200,"208021181",232,86,236,3602,87,384,248
125,153,65,62,"Rushworth",57,190,72,154,24,186,"216011410",131,65,152,1634,42,120,35
361,595,396,190,"Bendigo",196,558,374,575,52,547,"202011018",512,272,533,5885,62,420,219
0,0,5,0,"Braeside",0,0,0,0,0,0,"208031184",0,0,3,13,0,0,0
283,503,148,174,"California Gully - Eaglehawk",127,511,308,433,32,485,"202011019",392,188,452,4577,60,319,153
570,1060,1770,73,"Southbank",140,262,173,563,104,169,"206041126",543,104,359,8251,643,1191,529
341,561,520,151,"East Bendigo - Kennington",118,462,354,515,56,410,"202011020",410,180,469,5340,61,458,275
132,263,217,59,"Chelsea Heights",31,137,87,145,12,117,"208031187",128,42,139,1920,21,242,157
160,210,87,61,"Merbein",39,187,82,142,21,146,"215021396",109,57,131,1662,24,136,68
278,448,237,132,"Castlemaine",106,411,304,360,38,489,"202021027",296,190,330,4115,34,303,158
241,346,206,86,"Castlemaine Region",100,332,195,366,42,334,"202021028",277,133,290,3373,37,258,135
125,155,98,77,"Heathcote",53,219,108,167,21,209,"202021029",133,85,152,1826,38,119,66
259,409,371,94,"Kyneton",75,275,166,321,34,290,"202021030",267,117,243,3532,47,362,204
201,272,454,45,"Woodend",36,148,82,185,13,122,"202021031",173,48,129,2377,33,263,194
136,205,112,47,"Bendigo Region - North",26,143,73,137,13,135,"202031032",151,60,136,1593,23,134,71
206,253,95,131,"Loddon",99,304,151,252,43,399,"202031033",186,138,252,2775,65,148,71
160,308,242,35,"Bannockburn",21,106,61,147,8,80,"203011034",184,32,96,1956,17,279,189
208,286,227,57,"Golden Plains - South",53,171,91,217,12,131,"203011035",200,44,174,2339,24,266,185
177,221,235,56,"Winchelsea",33,159,89,192,17,127,"203011036",169,44,132,1994,17,196,135
382,670,416,164,"Belmont",113,512,361,531,37,531,"203021037",413,192,461,5733,87,593,278
642,903,320,431,"Corio - Norlane",407,1082,674,933,83,1071,"203021038",742,577,906,9767,153,582,263
351,595,604,150,"Geelong",159,340,281,452,39,411,"203021039",378,227,335,5226,70,532,290
510,923,852,219,"Geelong West - Hamlyn Heights",206,602,437,657,65,641,"203021040",579,298,577,7966,87,818,502
431,830,1250,129,"Carnegie",148,425,291,623,88,431,"208021176",529,161,456,7255,252,761,459
566,1085,723,214,"Grovedale",134,621,405,769,62,551,"203021041",689,203,591,8315,81,1035,583
581,862,1354,133,"Highton",111,453,301,555,56,401,"203021042",541,158,439,7515,73,868,624
474,758,729,129,"Lara",92,390,198,446,36,313,"203021043",484,123,377,5814,67,731,470
293,626,377,126,"Leopold",77,346,237,402,35,303,"203021044",382,106,366,4588,41,555,309
351,597,232,223,"Newcomb - Moolap",139,595,415,605,59,686,"203021045",448,257,557,5900,74,429,239
301,405,814,109,"Newtown (Vic.)",67,211,153,261,17,225,"203021046",254,86,227,3805,53,372,252
345,652,451,198,"North Geelong - Bell Park",163,535,303,477,40,599,"203021047",426,231,433,5652,76,480,263
837,1125,1647,168,"Coburg",233,537,353,699,85,560,"206011108",607,258,507,9610,164,1083,745
342,611,383,155,"Clifton Springs",83,505,276,458,31,439,"203031048",412,145,394,5023,83,455,248
167,206,206,52,"Lorne - Anglesea",47,139,93,196,19,120,"203031049",160,57,138,1889,23,163,103
665,1121,1129,147,"Ocean Grove - Barwon Heads",125,490,361,643,68,443,"203031050",610,175,506,8174,100,967,637
172,276,153,132,"Portarlington",83,372,229,303,44,375,"203031051",243,135,257,3116,47,206,100
126,166,187,39,"Point Lonsdale - Queenscliff",32,126,99,159,17,118,"203031052",131,44,132,1638,29,132,98
597,770,1103,119,"Torquay",76,375,210,474,36,250,"203031053",409,98,326,6204,70,772,516
171,266,116,104,"Alexandra",67,276,175,233,16,284,"204011054",175,131,210,2549,41,181,104
184,264,125,120,"Euroa",101,269,172,225,28,299,"204011055",191,105,226,2599,43,155,86
136,164,136,51,"Beechworth",34,157,100,158,10,116,"204031068",142,66,132,1664,14,148,99
232,312,182,95,"Bright - Mount Beauty",61,302,202,293,36,291,"204031069",273,101,276,3046,37,226,127
83,157,74,38,"Chiltern - Indigo Valley",24,87,50,87,9,90,"204031070",112,36,78,1152,8,134,83
143,205,97,66,"Myrtleford",44,205,128,163,19,192,"204031071",122,90,153,1847,23,131,75
167,248,143,83,"Towong",63,228,127,222,23,244,"204031072",196,97,195,2317,33,155,102
370,725,416,127,"West Wodonga",100,455,258,491,37,377,"204031073",483,157,416,5419,43,618,342
637,1065,656,265,"Wodonga",201,701,492,801,51,663,"204031074",743,314,686,8846,77,937,558
441,681,862,106,"Brunswick West",158,342,264,489,50,328,"206011107",446,179,393,5745,100,572,338
239,383,830,58,"Alphington - Fairfield",56,173,116,244,29,181,"206021110",221,91,189,3450,40,346,254
302,619,987,83,"Ormond - Glen Huntly",97,278,224,417,68,289,"208021182",415,101,301,5237,170,546,335
785,1014,2340,164,"Northcote",202,470,276,603,68,486,"206021111",580,275,427,9446,99,1006,634
0,0,0,0,"West Melbourne",0,0,0,0,0,0,"206041127",0,0,0,0,0,0,0
514,898,1225,144,"Thornbury",169,459,317,602,57,407,"206021112",532,211,443,7385,104,792,520
500,711,2252,156,"Port Melbourne",138,254,166,337,42,328,"206051130",351,196,260,7072,97,841,433
410,569,1354,156,"Ascot Vale",194,283,182,336,58,306,"206031113",323,198,276,5702,102,579,373
748,1172,2353,214,"Essendon - Aberfeldie",134,528,345,759,70,461,"206031114",719,213,607,10316,131,1150,713
275,424,574,117,"Flemington",191,233,186,297,57,262,"206031115",291,193,250,4083,151,367,200
423,583,1313,117,"Moonee Ponds",95,276,197,341,36,277,"206031116",300,162,297,5482,74,593,405
481,552,773,152,"Carlton",449,360,355,447,304,411,"206041117",349,301,438,8273,2214,463,221
313,513,1073,74,"Kensington (Vic.)",118,153,124,212,46,202,"206041121",269,177,202,4491,76,574,365
936,1671,1527,170,"Melbourne",592,765,617,1268,438,522,"206041122",1093,446,950,16284,3361,1352,567
248,407,1080,100,"Armadale",51,137,115,231,29,166,"206061135",245,69,204,3815,67,442,225
572,847,1331,135,"North Melbourne",298,345,298,543,161,353,"206041123",501,326,410,8118,719,846,440
170,239,384,29,"Parkville",45,95,92,165,27,76,"206041124",146,34,97,1997,71,231,97
539,625,2126,122,"Albert Park",94,253,160,334,54,206,"206051128",355,129,267,6481,168,700,346
475,918,1670,103,"Elwood",102,266,237,507,38,250,"206051129",462,143,348,6910,75,873,438
0,3,0,0,"Port Melbourne Industrial",0,0,0,0,0,0,"206051131",0,0,0,6,0,0,0
363,528,1378,112,"South Melbourne",166,165,134,333,62,257,"206051132",245,239,229,5178,133,541,303
746,1647,2102,216,"St Kilda",261,581,441,973,84,493,"206051133",979,357,725,12110,251,1544,713
486,982,1309,109,"St Kilda East",145,385,266,564,46,352,"206051134",597,203,424,7354,111,897,485
680,1259,2181,154,"South Yarra - East",206,396,287,687,88,361,"206061137",698,264,490,10028,410,1304,559
490,461,1948,138,"Toorak",79,175,151,278,34,156,"206061138",275,75,252,5492,134,566,265
267,438,861,53,"Abbotsford",72,120,95,187,27,114,"206071139",239,68,175,3556,85,502,255
343,377,907,45,"Carlton North - Princes Hill",68,132,97,204,20,127,"206071140",219,72,176,3460,54,365,250
440,494,1322,104,"Fitzroy North",122,221,183,284,37,290,"206071143",274,173,205,5085,69,536,332
1007,1465,3643,211,"Richmond (Vic.)",334,495,353,734,114,577,"206071144",741,352,570,13179,202,1483,902
321,333,1070,43,"Yarra - North",46,121,94,206,22,121,"206071145",196,55,151,3415,26,381,223
244,188,853,43,"Ashburton (Vic.)",48,97,87,122,12,128,"207011146",113,75,104,2591,47,232,179
513,572,1425,101,"Balwyn",99,271,230,363,72,257,"207011147",321,118,325,5700,197,487,342
628,658,2454,131,"Camberwell",109,259,226,434,48,249,"207011149",389,132,333,7353,167,694,447
662,658,1789,137,"Balwyn North",108,290,219,422,65,221,"207011148",358,114,295,6594,159,664,446
876,794,2735,152,"Kew",135,273,278,478,76,256,"207011153",496,134,360,8715,195,900,578
510,507,2092,103,"Glen Iris - East",67,182,139,273,35,149,"207011150",302,62,218,5619,90,542,346
709,1004,2406,157,"Hawthorn",226,371,378,621,77,302,"207011151",639,205,465,9470,356,994,563
470,663,1634,124,"Hawthorn East",122,214,195,373,51,225,"207011152",384,136,265,6059,177,634,398
190,201,686,42,"Kew East",25,121,72,115,18,100,"207011154",123,35,98,2240,31,238,153
461,470,1999,90,"Surrey Hills (West) - Canterbury",75,202,189,288,65,182,"207011155",263,81,228,5511,100,510,319
318,397,739,95,"Bulleen",82,298,151,267,26,298,"207021156",258,79,230,3992,92,368,285
624,933,1154,145,"Doncaster",174,536,360,629,117,459,"207021157",511,213,521,7817,280,713,447
537,579,1371,104,"Templestowe",73,278,184,315,54,215,"207021159",339,67,285,5447,122,560,363
360,516,889,101,"Templestowe Lower",77,308,178,382,40,243,"207021160",350,106,268,4736,86,487,356
451,531,1012,53,"Doncaster East (North)",70,293,139,321,53,193,"207021424",316,80,279,4741,113,521,317
339,579,704,106,"Doncaster East (South)",116,392,220,440,71,299,"207021425",344,156,364,5103,178,498,292
551,830,1601,126,"Blackburn",115,433,294,570,66,388,"207031161",503,143,470,7612,176,808,555
559,714,1077,107,"Box Hill",208,478,366,583,118,467,"207031163",462,253,486,7459,547,645,381
624,801,1982,212,"Caulfield - North",154,301,245,456,61,286,"208021177",440,147,400,7590,214,767,503
454,671,1171,108,"Box Hill North",141,348,260,492,52,324,"207031164",452,144,389,6304,211,658,437
349,380,557,84,"Burwood",157,265,230,325,93,283,"207031165",255,160,249,4290,336,372,205
295,409,498,79,"Burwood East",79,282,148,300,44,235,"207031166",258,92,217,3632,110,372,213
378,565,1100,103,"Bentleigh East (North)",91,291,211,365,39,266,"208021426",301,116,258,5108,79,514,419
392,417,1539,102,"Beaumaris",44,213,161,255,27,176,"208011168",276,73,221,4721,56,443,317
521,634,1676,170,"Caulfield - South",105,317,211,404,43,286,"208021178",376,140,306,6344,117,607,436
788,653,3120,196,"Brighton (Vic.)",103,290,244,415,74,281,"208011169",368,157,314,8290,149,744,396
334,485,1157,98,"Elsternwick",84,200,172,281,36,202,"208021179",303,96,211,4473,68,476,277
521,560,1889,144,"Sandringham - Black Rock",77,264,233,358,27,275,"208011173",313,115,280,6100,79,575,384
335,519,687,128,"Carrum - Patterson Lakes",76,282,183,334,44,285,"208031185",305,142,255,4481,45,495,352
335,699,697,153,"Chelsea - Bonbeach",124,383,274,482,40,466,"208031186",436,208,429,5885,66,666,418
589,965,1314,225,"Cheltenham - Highett (East)",161,545,390,670,69,600,"208031188",616,232,596,8682,130,930,642
351,600,919,120,"Mentone",91,326,231,458,39,315,"208031190",391,118,315,5266,80,555,345
321,535,913,87,"Edithvale - Aspendale",74,250,150,322,26,233,"208031189",300,106,263,4575,60,555,376
228,407,390,66,"Bundoora - East",57,292,124,314,25,202,"209011196",263,81,240,3383,89,366,239
254,332,549,73,"Moorabbin - Heatherton",54,181,117,234,31,176,"208031191",236,94,173,3125,61,330,229
0,0,0,0,"Moorabbin Airport",0,0,0,0,0,0,"208031192",0,0,0,0,0,0,0
539,943,1265,145,"Greensborough",87,417,245,563,29,388,"209011197",482,164,420,7338,77,925,648
255,408,474,87,"Watsonia",55,231,134,273,26,191,"209011204",211,78,241,3405,45,407,273
517,844,1525,140,"Mordialloc - Parkdale",135,429,283,546,44,426,"208031193",513,188,421,7504,81,802,596
260,335,548,47,"Kingsbury",99,223,130,259,50,171,"209021205",227,82,232,3326,157,289,216
604,1245,681,360,"Reservoir - East",343,809,552,944,106,902,"209021207",848,452,807,10370,206,940,570
581,1064,829,253,"Reservoir - West",209,775,377,760,77,675,"209021208",708,267,622,8777,157,893,528
0,0,0,0,"Essendon Airport",0,0,0,0,0,0,"210011227",0,0,0,0,0,0,0
645,859,2376,169,"Malvern - Glen Iris",115,291,244,457,62,277,"208041194",457,143,310,7761,140,779,429
366,538,720,90,"Preston - West",101,271,173,336,39,303,"209021429",309,125,275,4517,60,496,308
623,712,2268,121,"Malvern East",128,329,246,417,86,292,"208041195",405,176,347,7646,385,672,422
693,812,2044,119,"Eltham",89,311,207,476,44,286,"209031209",459,103,330,7628,68,916,685
114,137,184,20,"Hurstbridge",17,43,41,105,8,45,"209031210",90,23,57,1155,8,157,115
117,176,115,30,"Kinglake",29,76,46,111,11,65,"209031211",119,31,85,1300,23,156,98
166,191,331,32,"Panton Hill - St Andrews",20,75,52,116,11,65,"209031212",115,25,85,1628,13,190,143
269,345,783,41,"Plenty - Yarrambat",19,119,65,150,22,78,"209031213",175,36,136,2895,35,321,308
241,223,625,19,"Research - North Warrandyte",25,65,53,103,6,48,"209031214",113,28,86,2100,18,248,195
364,645,1122,131,"Heidelberg - Rosanna",85,328,221,379,40,305,"209011198",366,130,296,5535,82,597,443
183,273,163,56,"Bundoora - West",49,203,129,206,26,176,"209041217",163,77,171,2272,63,219,123
614,834,444,197,"Lalor",175,822,320,652,82,666,"209041219",684,222,616,7534,169,686,356
368,598,466,176,"Heidelberg West",191,386,264,437,61,400,"209011199",350,260,344,5227,91,524,306
333,493,1144,66,"Ivanhoe",74,201,146,277,25,181,"209011200",257,83,203,4321,82,465,283
242,232,986,55,"Ivanhoe East - Eaglemont",46,88,69,146,19,83,"209011201",125,41,100,2672,36,253,160
435,703,1067,114,"Montmorency - Briar Hill",85,360,223,455,28,274,"209011202",456,103,348,5978,70,761,508
494,789,1161,150,"Viewbank - Yallambie",94,412,238,496,29,347,"209011203",429,156,382,6575,80,785,533
548,895,833,186,"Preston - East",223,490,286,588,88,494,"209021428",566,275,462,7469,145,823,557
406,554,1018,84,"Wattle Glen - Diamond Creek",46,189,114,274,21,134,"209031215",263,51,191,4361,42,547,436
310,560,339,107,"Epping - East",57,289,169,399,31,226,"209041431",371,91,316,4116,55,517,285
215,373,164,79,"Epping - South",71,256,134,285,27,186,"209041432",250,83,213,2812,49,269,143
192,279,357,53,"Bundoora - North",58,178,96,201,31,128,"209041216",178,59,130,2502,112,270,183
212,529,327,41,"Epping - West",45,204,107,310,19,99,"209041433",282,31,225,3192,37,468,267
324,878,549,70,"Mernda",50,278,169,471,25,155,"209041434",508,63,346,5246,56,846,460
266,566,526,43,"South Morang (North)",36,138,89,259,10,93,"209041435",310,41,186,3557,33,578,386
477,779,742,119,"Mill Park - North",77,388,196,486,40,284,"209041220",467,96,418,5769,92,661,448
310,581,385,58,"Mill Park - South",52,276,147,337,27,187,"209041221",354,77,289,3888,57,476,273
188,338,358,90,"Airport West",56,250,120,243,24,200,"210011226",251,90,198,3005,47,316,220
570,745,387,233,"Thomastown",169,813,311,660,64,707,"209041223",539,241,556,6975,177,533,271
434,762,579,118,"Wallan",58,294,171,419,22,187,"209041224",437,71,313,5055,43,702,425
235,346,312,98,"Whittlesea",38,195,87,226,21,195,"209041225",192,71,152,2713,44,288,199
457,1099,871,91,"Doreen",56,323,180,552,17,155,"209041430",572,67,376,6600,64,1034,684
303,580,406,81,"South Morang (South)",47,244,138,301,13,184,"209041436",336,65,245,3829,47,509,335
153,454,273,40,"Wollert",39,146,95,253,9,75,"209041437",254,31,193,2677,36,399,229
237,316,492,106,"Keilor",46,208,118,225,27,185,"210011228",198,64,194,2997,43,314,219
708,1010,1343,260,"Keilor East",165,790,363,679,97,651,"210011229",632,217,571,9202,166,904,640
192,291,514,80,"Niddrie - Essendon West",41,152,80,178,14,155,"210011230",164,60,128,2564,30,292,203
265,326,851,69,"Strathmore",36,157,96,207,22,126,"210011231",160,53,153,3159,38,354,258
354,520,894,93,"Gisborne",53,201,131,309,21,172,"210021232",261,77,216,4192,48,481,372
505,909,396,226,"Cranbourne",130,522,328,705,43,426,"212031300",665,191,553,6735,102,695,339
518,1352,752,162,"Cranbourne East",58,465,224,635,26,292,"212031301",713,96,446,7854,64,1346,710
109,137,280,23,"Macedon",10,52,20,73,13,45,"210021233",75,18,74,1147,13,125,76
131,167,252,28,"Riddells Creek",19,70,39,86,8,46,"210021234",99,19,73,1338,13,159,123
305,391,432,80,"Romsey",45,196,105,239,22,175,"210021235",229,67,191,3140,36,407,216
189,319,395,61,"Coburg North",84,171,114,195,26,174,"210031236",211,88,130,2733,61,318,210
314,468,298,143,"Fawkner",115,452,220,391,27,418,"210031237",323,177,341,4423,92,408,227
544,998,652,266,"Glenroy",189,593,317,664,68,629,"210031438",602,276,578,7783,172,781,457
555,1092,1317,223,"Pascoe Vale",164,528,337,710,67,561,"210031239",640,237,525,8804,133,1014,692
66,125,188,21,"Gowanbrae",15,55,40,70,11,57,"210031439",69,21,53,1022,12,130,102
298,416,159,178,"Broadmeadows",196,357,268,408,33,389,"210051242",325,237,394,4115,118,238,101
394,450,174,104,"Meadow Heights",119,422,262,451,44,288,"210051247",369,145,363,4119,91,304,147
0,0,5,0,"Melbourne Airport",0,0,0,0,0,3,"210051248",0,0,0,23,0,3,0
428,442,158,183,"Campbellfield - Coolaroo",174,557,246,506,72,455,"210051243",369,169,441,4749,115,297,133
461,763,626,149,"Gladstone Park - Westmeadows",107,437,245,517,54,382,"210051245",481,148,477,6088,98,695,438
480,571,972,86,"Greenvale - Bulla",43,211,103,298,22,137,"210051246",319,35,224,4687,73,664,449
120,220,187,48,"Croydon South",23,113,61,135,12,82,"211031452",134,38,115,1696,19,246,158
518,746,475,106,"Roxburgh Park - Somerton",102,393,226,564,28,256,"210051249",471,92,420,5419,110,570,343
176,347,175,79,"Tullamarine",49,211,117,269,19,205,"210051250",208,77,234,2589,42,238,134
187,364,198,74,"Craigieburn - Central",41,197,114,254,16,147,"210051441",246,45,189,2549,37,274,161
243,478,392,35,"Craigieburn - North",41,155,102,298,14,82,"210051442",287,39,209,3133,31,465,256
259,669,352,68,"Craigieburn - West",47,253,151,382,17,142,"210051444",424,63,340,4106,53,575,304
73,162,161,12,"Mickleham - Yuroke",14,37,22,80,5,26,"210051445",102,11,53,1033,14,171,76
275,575,362,127,"Bayswater",79,351,232,418,26,296,"211011251",395,134,383,4586,77,500,326
429,683,691,102,"Knoxfield - Scoresby",68,323,193,433,23,226,"211011254",373,85,373,5133,75,671,383
381,706,479,77,"Craigieburn - South",72,312,166,441,32,198,"210051443",415,86,372,4752,70,590,358
196,206,556,36,"Lysterfield",16,62,36,108,8,50,"211011255",92,13,57,1925,21,251,214
212,322,514,30,"Rowville - North",38,122,81,180,22,79,"211011257",158,37,140,2534,22,331,247
315,391,719,59,"Rowville - South",31,163,75,230,17,111,"211011258",203,35,138,3312,30,442,355
354,599,698,98,"Wantirna",69,313,183,375,30,234,"211011259",378,96,336,4792,75,571,392
488,659,1086,133,"Wantirna South",95,396,235,447,43,366,"211011260",421,137,366,6036,91,631,443
419,642,848,98,"Rowville - Central",46,298,133,387,28,196,"211011256",391,75,295,5043,67,674,458
542,1105,698,214,"Boronia",162,665,423,806,56,575,"211011446",733,223,687,8510,109,986,533
352,648,523,117,"Ferntree Gully (North)",80,385,234,488,27,397,"211011447",431,145,373,5242,70,602,370
530,658,1300,107,"Croydon Hills - Warranwood",57,276,175,369,32,188,"211031265",370,74,295,5807,66,709,602
419,855,744,137,"Ringwood",156,443,322,560,50,466,"211031266",466,218,462,6579,124,716,437
372,710,639,110,"Ferntree Gully (South) - Upper Ferntree Gully",68,342,178,417,23,257,"211011448",399,107,321,5088,70,630,434
493,878,1147,150,"Ringwood East",87,419,299,625,55,416,"211031267",574,148,458,7367,112,891,619
255,369,691,49,"Ringwood North",22,168,85,233,20,132,"211031268",215,50,173,3175,31,382,301
125,211,179,32,"The Basin",15,86,46,116,9,58,"211011449",114,26,73,1466,14,228,127
473,522,1385,144,"Donvale - Park Orchards",54,248,169,352,34,229,"211021261",317,78,254,5221,97,499,359
357,310,970,52,"Warrandyte - Wonga Park",26,113,65,158,21,86,"211021262",151,32,133,3041,29,282,249
354,775,528,154,"Croydon - East",118,485,336,490,33,437,"211031450",489,164,492,6015,59,674,419
314,627,637,127,"Croydon - West",84,357,262,429,37,380,"211031451",360,136,340,5051,72,514,363
286,601,463,90,"Bayswater North",66,253,164,361,23,233,"211031263",359,81,284,4127,36,486,347
271,428,544,81,"Forest Hill",98,265,170,341,36,288,"211041269",278,113,284,3939,86,381,266
387,746,1073,121,"Mitcham (Vic.)",107,332,248,475,37,289,"211041270",446,146,385,6088,95,687,516
262,444,601,69,"Vermont",52,212,159,290,30,179,"211041272",231,82,245,3671,53,434,334
346,447,760,80,"Vermont South",77,229,145,284,30,211,"211041273",243,56,215,3913,92,409,285
273,469,713,110,"Nunawading",89,275,197,335,39,253,"211041271",290,115,295,4294,54,432,353
293,453,548,64,"Belgrave - Selby",39,174,101,261,17,139,"211051274",261,47,182,3321,38,400,308
279,420,470,89,"Chirnside Park",39,200,107,268,17,151,"211051275",223,68,193,3355,38,491,299
376,596,481,153,"Healesville - Yarra Glen",90,413,231,445,34,371,"211051276",377,166,374,4962,53,487,315
227,422,293,103,"Kilsyth",67,277,181,291,21,265,"211051277",265,71,228,3386,29,410,240
483,846,711,215,"Lilydale - Coldstream",99,483,301,558,46,388,"211051278",494,149,446,6663,78,836,526
172,252,247,46,"Monbulk - Silvan",23,140,96,148,8,79,"211051279",136,42,136,1891,15,208,131
164,283,324,59,"Montrose",32,119,89,173,16,116,"211051280",138,43,135,2218,28,294,214
574,1017,933,166,"Mooroolbark",107,437,278,643,37,342,"211051281",596,150,500,7463,69,970,641
304,423,596,63,"Mount Dandenong - Olinda",49,206,128,268,28,136,"211051282",261,77,221,3460,29,411,271
434,978,424,121,"Pakenham - North",89,473,305,680,30,300,"212011291",628,123,489,6318,79,740,414
252,413,395,80,"Mount Evelyn",43,189,119,230,10,154,"211051283",285,53,202,3186,27,459,283
434,572,484,88,"Endeavour Hills - South",66,285,141,376,25,232,"212021454",312,80,347,4276,61,476,302
308,674,627,37,"Lynbrook - Lyndhurst",41,144,84,300,15,69,"212031306",353,19,196,4059,28,700,468
221,364,265,62,"Pearcedale - Tooradin",36,169,95,230,12,132,"212031308",217,40,143,2554,31,309,211
283,458,521,60,"Upwey - Tecoma",55,175,119,256,32,158,"211051284",226,67,190,3408,27,463,318
235,353,301,67,"Wandin - Seville",34,123,78,188,12,100,"211051285",228,42,165,2472,24,332,176
528,722,360,166,"Yarra Valley",146,478,338,581,47,515,"211051286",497,180,488,5876,69,501,265
300,648,700,58,"Beaconsfield - Officer",30,192,119,309,5,127,"212011287",340,45,238,4231,43,638,430
290,338,330,94,"Bunyip - Garfield",44,195,103,205,24,167,"212011288",223,52,169,2822,36,299,255
515,764,879,111,"Emerald - Cockatoo",87,312,173,436,31,270,"212011289",445,96,326,5774,69,795,470
192,331,214,94,"Koo Wee Rup",43,185,97,227,30,173,"212011290",220,67,172,2487,33,254,164
665,1382,735,254,"Pakenham - South",160,677,421,865,36,544,"212011292",834,222,751,9428,106,1144,624
580,972,1275,211,"Berwick - North",111,523,329,645,49,502,"212021293",600,172,519,8134,111,919,616
616,1156,1280,104,"Berwick - South",78,339,194,592,41,233,"212021294",556,69,377,7643,76,1162,777
291,365,159,157,"Doveton",122,396,211,402,45,351,"212021295",299,163,346,3771,73,278,112
290,452,242,84,"Hallam",59,276,120,320,27,225,"212021297",317,90,260,3340,41,340,184
213,243,571,47,"Narre Warren North",32,85,32,129,13,55,"212021299",117,17,105,2126,16,246,211
326,471,431,76,"Endeavour Hills - North",72,266,126,319,30,159,"212021453",326,59,258,3713,60,469,263
344,664,480,85,"Narre Warren - North East",48,248,154,352,8,173,"212021455",352,71,264,4208,56,572,352
328,624,330,91,"Narre Warren - South West",78,386,210,425,26,244,"212021456",445,115,376,4631,72,565,310
435,940,573,100,"Cranbourne North",80,356,204,511,26,209,"212031302",569,87,418,5956,77,872,497
233,375,479,72,"Cranbourne South",36,126,65,174,15,109,"212031303",206,36,151,2773,42,388,267
306,825,333,96,"Cranbourne West",48,271,153,462,19,137,"212031304",514,54,303,4635,44,739,327
628,1080,466,149,"Hampton Park - Lynbrook",140,525,327,804,52,395,"212031305",718,158,657,7481,137,816,440
320,516,716,57,"Narre Warren South (East)",37,162,92,241,12,82,"212031457",239,25,167,3630,52,557,358
433,744,504,63,"Narre Warren South (West)",32,254,130,412,22,157,"212031458",410,53,284,4611,57,632,425
317,433,478,99,"Clarinda - Oakleigh South",73,300,142,286,41,255,"212041309",286,115,259,3900,76,444,291
319,568,335,98,"Clayton South",112,355,171,393,36,294,"212041310",349,126,316,4292,113,435,250
733,1034,486,321,"Dandenong",299,906,630,980,101,934,"212041311",789,398,896,9789,234,695,364
600,884,539,189,"Dandenong North",173,661,333,692,74,584,"212041312",593,245,593,7388,124,689,408
263,402,575,83,"Dingley Village",43,230,144,287,22,222,"212041313",260,79,235,3626,33,421,324
297,574,217,138,"Noble Park - East",113,417,219,475,32,349,"212041459",393,188,400,4510,96,426,180
615,1017,1047,147,"Keysborough",134,523,259,680,55,349,"212041314",611,144,473,7836,135,981,667
171,343,182,46,"Noble Park North",68,245,121,253,15,186,"212041316",223,76,209,2573,54,243,154
511,786,409,159,"Springvale",209,618,356,621,62,547,"212041317",499,233,557,6662,219,592,287
319,468,253,65,"Springvale South",88,308,185,386,25,263,"212041318",327,94,289,3731,84,372,210
428,751,295,166,"Noble Park - West",177,549,336,625,45,471,"212041460",519,245,495,6070,171,516,282
465,670,1212,126,"Ashwood - Chadstone",175,365,245,464,77,386,"212051319",377,241,359,6501,197,710,434
438,760,479,84,"Clayton",215,425,357,595,152,381,"212051320",511,203,490,6973,839,666,377
609,746,1325,113,"Glen Waverley - East",110,452,254,562,86,381,"212051321",460,143,467,7084,174,700,512
562,721,1108,99,"Glen Waverley - West",111,381,253,473,83,367,"212051322",392,129,392,6406,230,663,440
424,570,1047,103,"Mount Waverley - North",90,349,205,371,59,280,"212051323",372,98,311,5401,148,555,416
466,678,1256,113,"Mount Waverley - South",120,388,261,509,63,312,"212051324",400,136,348,6361,133,710,455
506,803,963,111,"Mulgrave",107,449,229,519,63,335,"212051325",475,141,385,6504,120,780,520
567,875,1177,144,"Oakleigh - Huntingdale",172,496,246,572,66,438,"212051326",530,204,446,7502,182,830,555
596,686,1371,144,"Wheelers Hill",86,451,218,515,64,360,"212051327",425,120,382,6727,129,697,487
180,298,176,103,"Ardeer - Albion",95,231,168,249,40,281,"213011328",246,124,236,2867,55,243,156
277,357,374,36,"Cairnlea",38,125,76,207,12,86,"213011329",186,39,151,2564,36,335,228
349,569,472,98,"Keilor Downs",85,353,157,384,52,274,"213011332",331,105,289,4354,82,447,301
596,1058,713,173,"Deer Park - Derrimut",162,559,291,722,57,422,"213011330",728,180,584,7868,135,899,591
208,379,188,64,"Delahey",75,196,106,253,17,165,"213011331",215,86,189,2639,53,286,157
366,520,210,146,"Kings Park (Vic.)",159,465,216,462,33,317,"213011333",360,131,370,4371,100,332,184
519,706,296,243,"St Albans - North",251,602,340,641,81,665,"213011334",562,267,574,6652,197,472,242
361,625,578,172,"Altona North",130,427,195,406,53,444,"213021343",349,196,298,5079,92,452,311
427,610,278,158,"St Albans - South",192,520,283,510,57,462,"213011335",424,204,397,5299,171,395,210
307,367,241,126,"Sunshine North",120,300,167,321,46,305,"213011337",289,131,323,3640,90,319,186
206,379,302,91,"Sunshine",84,227,177,303,31,236,"213011336",239,98,287,3234,90,288,184
290,508,368,83,"Sydenham",60,228,139,365,20,136,"213011339",301,75,237,3659,48,516,270
491,716,398,215,"Sunshine West",186,584,266,557,54,475,"213011338",505,195,451,6052,131,527,296
550,694,1017,119,"Taylors Lakes",74,276,156,338,34,199,"213011340",326,77,297,5379,90,630,506
319,538,813,164,"Altona",103,301,242,410,40,400,"213021341",340,151,348,5129,70,542,352
491,923,683,135,"Altona Meadows",150,503,248,621,52,443,"213021342",542,196,530,6874,119,771,467
509,674,1758,128,"Newport",99,300,182,361,33,279,"213021344",366,143,298,6507,92,742,536
123,257,240,33,"Seabrook",24,90,50,109,15,56,"213021345",123,25,116,1631,26,221,119
465,489,1635,144,"Williamstown",119,213,176,327,52,312,"213021346",293,154,274,5643,91,544,350
294,494,634,84,"West Footscray - Tottenham",98,263,195,363,33,274,"213031351",311,123,287,4309,74,470,302
432,705,634,179,"Braybrook",223,452,266,541,74,401,"213031347",448,302,421,6176,140,595,357
428,815,727,124,"Footscray",266,379,269,549,95,369,"213031348",475,260,406,6441,216,656,393
313,574,839,56,"Maribyrnong",66,207,120,370,37,149,"213031349",344,75,260,4403,80,570,353
230,406,843,52,"Seddon - Kingsville",85,194,114,219,27,199,"213031350",213,94,166,3617,59,411,298
387,623,1500,72,"Yarraville",106,259,144,339,37,245,"213031352",302,104,258,5534,71,613,475
473,875,839,192,"Bacchus Marsh",131,535,314,609,45,453,"213041353",552,183,462,7099,96,829,515
502,867,918,112,"Hillside",63,230,140,489,31,146,"213041355",496,56,317,6007,70,925,644
470,829,392,205,"Melton",152,585,334,653,47,472,"213041356",565,202,537,6497,108,623,328
488,1068,658,223,"Melton South",162,611,399,715,49,472,"213041357",673,194,584,7755,100,878,480
456,783,467,154,"Melton West",91,386,218,560,31,240,"213041358",544,102,400,5582,74,695,384
48,69,43,21,"Rockbank - Mount Cottrell",15,60,19,66,6,52,"213041359",58,20,45,596,16,44,19
420,751,907,96,"Taylors Hill",42,226,142,409,25,155,"213041360",395,59,295,5349,83,835,505
119,176,156,40,"Burnside",29,109,60,126,12,100,"213041461",134,21,86,1478,22,173,114
437,858,516,143,"Hoppers Crossing - South",129,489,279,620,64,388,"213051362",587,151,522,6398,107,721,405
115,281,238,28,"Burnside Heights",10,90,49,132,0,32,"213041462",137,8,81,1625,16,242,174
437,880,959,97,"Caroline Springs",72,273,149,452,32,183,"213041463",472,64,331,5942,99,868,566
487,837,713,114,"Hoppers Crossing - North",107,372,211,562,36,252,"213051361",511,112,478,6060,98,722,445
204,357,409,50,"Laverton",58,161,98,247,23,129,"213051363",222,56,198,2849,48,354,237
696,1641,1145,159,"Tarneit",101,460,269,860,37,215,"213051365",961,90,609,9733,110,1512,861
426,1032,813,86,"Truganina",74,288,203,586,27,146,"213051366",575,54,408,6399,73,1012,592
310,460,476,124,"Werribee - South",89,333,198,347,38,272,"213051368",335,105,293,4134,86,416,247
496,1126,676,145,"Wyndham Vale",95,424,286,700,23,283,"213051369",745,110,527,7237,71,995,525
351,473,937,43,"Point Cook - East",37,111,73,241,24,67,"213051464",230,24,154,3670,78,476,350
527,996,1382,74,"Point Cook - North",70,294,182,473,44,157,"213051465",477,85,353,6962,106,1055,676
496,856,431,190,"Werribee - East",163,537,337,646,43,474,"213051467",599,233,589,6707,113,650,343
332,568,469,124,"Werribee - West",76,234,166,361,18,228,"213051468",327,83,300,4141,55,483,317
560,1080,442,206,"Carrum Downs",115,527,321,785,27,418,"214011370",679,195,566,7347,87,870,465
613,1050,573,269,"Frankston",244,738,612,828,94,808,"214011371",761,360,832,9228,146,827,460
502,862,322,276,"Frankston North",192,730,429,720,49,709,"214011372",617,296,671,7401,116,616,300
545,664,1134,187,"Frankston South",99,385,270,494,37,429,"214011373",424,153,390,6522,67,726,533
665,1112,1049,202,"Langwarrin",116,507,321,623,37,431,"214011374",655,150,557,8285,90,1036,727
409,793,502,205,"Seaford (Vic.)",148,508,353,681,40,596,"214011375",538,230,522,6751,106,711,416
333,587,749,63,"Skye - Sandhurst",37,170,131,304,17,117,"214011376",320,52,201,4151,48,633,395
291,473,386,173,"Dromana",101,432,238,416,53,349,"214021377",336,131,333,4389,69,389,221
192,222,363,60,"Flinders",29,99,63,165,9,68,"214021378",119,39,117,1876,24,190,123
618,952,606,279,"Hastings - Somers",161,707,477,699,54,643,"214021379",614,263,635,7961,96,731,426
663,1032,1025,313,"Mornington",187,814,543,875,70,767,"214021380",663,308,744,9510,118,859,523
567,596,1633,128,"Mount Eliza",65,292,196,372,31,242,"214021381",344,96,279,5951,76,607,430
523,727,1147,160,"Mount Martha",78,372,241,459,35,311,"214021382",453,108,410,6385,74,747,541
504,765,526,274,"Point Nepean",149,612,407,616,66,556,"214021383",521,229,568,6696,136,510,270
501,883,396,457,"Rosebud - McCrae",193,947,637,823,68,1055,"214021384",627,375,760,8727,119,570,311
195,359,122,139,"Mooroopna",81,329,173,309,31,308,"216031415",254,149,277,3109,43,227,115
476,786,596,225,"Shepparton - North",144,538,374,609,50,492,"216031416",508,249,512,6670,89,641,390
534,834,725,156,"Somerville",84,434,250,529,43,356,"214021385",537,130,398,6288,91,761,442
567,878,556,292,"Shepparton - South",203,744,461,743,51,621,"216031417",634,262,647,7917,106,718,435
105,183,130,43,"Shepparton Region - East",25,79,65,120,5,63,"216031418",110,31,89,1303,20,157,72
287,384,221,113,"Shepparton Region - West",66,317,185,303,32,304,"216031419",286,125,278,3521,55,335,215
248,352,220,143,"Glenelg (Vic.)",101,328,195,308,44,357,"217011420",226,136,264,3416,52,282,160
269,485,215,142,"Hamilton (Vic.)",106,404,252,372,27,408,"217011421",324,172,356,4035,40,304,169
284,430,268,186,"Portland",142,395,236,386,38,423,"217011422",313,172,348,4220,47,351,203
196,232,170,84,"Southern Grampians",75,196,136,218,25,212,"217011423",185,75,199,2317,39,166,102
220,304,176,129,"Ararat",84,334,205,300,14,312,"215011386",239,122,274,3076,24,222,129
103,99,81,41,"Ararat Region",36,113,69,110,18,97,"215011387",86,34,127,1144,18,83,46
108,167,76,57,"Rochester",35,155,98,128,12,166,"216011409",102,67,113,1497,22,124,69
427,773,397,229,"Horsham",143,554,400,592,52,598,"215011388",553,286,571,6481,62,559,283
103,131,81,28,"Horsham Region",35,92,63,131,14,108,"215011389",114,26,112,1246,27,113,65
180,254,136,103,"Nhill Region",85,315,165,245,31,320,"215011390",222,135,236,2769,48,205,98
86,123,45,84,"St Arnaud",61,161,86,138,21,203,"215011391",115,63,142,1464,23,60,49
209,317,172,134,"Stawell",86,325,208,274,30,359,"215011392",262,138,298,3231,45,265,118
100,95,68,40,"West Wimmera",41,131,56,117,10,124,"215011393",97,43,102,1139,10,67,39
165,246,109,121,"Yarriambiack",84,289,158,246,35,352,"215011394",195,127,221,2664,46,181,82
205,266,222,76,"Irymple",45,201,94,228,23,141,"215021395",186,57,191,2351,24,247,141
399,616,335,230,"Mildura - South",131,542,312,465,36,520,"215021470",423,210,445,5481,63,508,246
169,221,80,106,"Buloke",75,279,147,206,35,333,"215031400",153,109,235,2455,65,163,74
176,265,106,108,"Gannawarra",75,288,154,252,42,305,"215031401",219,122,232,2649,59,170,72
104,138,51,76,"Kerang",45,168,129,163,17,174,"215031402",113,80,150,1572,14,96,44
78,111,67,66,"Robinvale",20,99,40,111,12,79,"215031403",79,40,89,1027,21,89,33
262,462,238,164,"Swan Hill",101,382,249,388,31,382,"215031404",324,175,291,4026,41,346,189
178,240,142,87,"Swan Hill Region",46,225,94,201,14,201,"215031405",194,74,179,2145,39,153,84
386,638,381,224,"Echuca",126,524,289,505,22,485,"216011406",440,182,424,5442,66,471,275
281,420,212,150,"Kyabram",85,415,229,393,29,375,"216011407",359,151,336,4031,73,361,157
103,160,77,44,"Lockington - Gunbower",29,123,56,138,18,83,"216011408",120,35,94,1296,27,123,65
178,248,125,145,"Cobram",68,278,145,198,17,269,"216021411",177,94,170,2425,35,178,91
72,116,68,38,"Moira",31,64,39,98,16,85,"216021412",71,39,78,924,15,68,45
362,501,244,186,"Numurkah",140,459,228,443,48,434,"216021413",383,162,405,4607,68,367,184
185,295,137,149,"Yarrawonga",64,329,197,249,28,333,"216021414",226,118,246,2940,32,225,120
95,117,61,68,"Camperdown",28,136,83,126,20,185,"217031471",102,67,135,1406,23,108,49
281,518,252,196,"Colac",122,415,308,430,54,478,"217031472",380,187,400,4697,45,427,187
147,245,117,56,"Colac Region",42,188,71,209,22,159,"217031473",162,66,167,1965,38,172,97
151,200,112,93,"Corangamite - North",60,170,146,215,32,217,"217031474",141,78,154,2031,36,139,88
193,277,221,87,"Corangamite - South",70,221,114,274,30,191,"217031475",201,84,222,2582,49,223,116
97,120,61,35,"Otway",51,130,105,144,21,119,"217031476",100,63,133,1353,29,97,45
183,319,191,70,"Moyne - East",45,183,118,203,31,178,"217041477",192,74,196,2345,50,204,112
254,400,277,108,"Moyne - West",73,301,180,317,26,253,"217041478",308,117,263,3420,41,326,180
488,966,610,225,"Warrnambool - North",179,669,433,698,60,619,"217041479",607,274,627,7786,85,776,467
324,551,394,158,"Warrnambool - South",147,434,319,440,35,395,"217041480",400,200,393,4963,56,434,272
